CustomerID,FirstName,LastName,Email,City,Country,RegistrationDate
1,Elena,Ivanov,elena.ivanov.1@example.com,Bucharest,Romania,2023-09-08
2,Anna,Nikolov,anna.nikolov.2@example.com,Plovdiv,Bulgaria,2023-03-31
3,Laura,Petrova,laura.petrova.3@example.com,Sofia,Bulgaria,2023-04-06
4,Martin,Todorova,martin.todorova.4@example.com,Sofia,Bulgaria,2023-07-23
5,Laura,Todorova,laura.todorova.5@example.com,Milan,Italy,2023-10-12
6,Ivan,Marin,ivan.marin.6@example.com,Berlin,Germany,2023-12-15
7,Nikolay,Nikolov,nikolay.nikolov.7@example.com,Burgas,Bulgaria,2023-12-11
8,Elena,Dimitrov,elena.dimitrov.8@example.com,Berlin,Germany,2023-04-10
9,Sara,Carter,sara.carter.9@example.com,Bucharest,Romania,2023-02-14
10,Peter,Georgieva,,Berlin,Germany,2023-03-22
11,Victoria,Carter,victoria.carter.11@example.com,Burgas,Bulgaria,2023-03-13
12,Maria,Todorova,maria.todorova.12@example.com,Bucharest,Romania,2023-03-23
13,Anna,Georgieva,anna.georgieva.13@example.com,Berlin,Germany,2023-10-12
14,Peter,Carter,peter.carter.14@example.com,Varna,Bulgaria,2024-01-15
15,Sara,Popov,sara.popov.15@example.com,Bucharest,Romania,2023-03-15
16,Sofia,Todorova,sofia.todorova.16@example.com,Varna,Bulgaria,2024-04-18
17,Victor,Morgan,victor.morgan.17@example.com,Burgas,Bulgaria,2023-11-29
18,Maria,Todorova,maria.todorova.18@example.com,Sofia,Bulgaria,2023-11-20
19,Victor,Morgan,victor.morgan.19@example.com,Plovdiv,Bulgaria,2023-08-05
20,Alex,Popov,alex.popov.20@example.com,Milan,Italy,2024-02-10
21,Peter,Nikolov,peter.nikolov.21@example.com,Bucharest,Romania,2023-05-23
22,Anna,Morgan,anna.morgan.22@example.com,Berlin,Germany,2024-02-13
23,Sara,Todorova,sara.todorova.23@example.com,Varna,Bulgaria,2024-06-05
24,Emma,Dimitrov,emma.dimitrov.24@example.com,Sofia,Bulgaria,2023-04-23
25,Daniel,Marin,daniel.marin.25@example.com,sofia,Germany,2023-03-07
26,Victor,Brown,victor.brown.26@example.com,Milan,Italy,2024-06-25
27,Nikolay,Ivanov,nikolay.ivanov.27@example.com,Plovdiv,Bulgaria,2023-10-01
28,Alex,Georgieva,alex.georgieva.28@example.com,Bucharest,Romania,2024-03-21
29,Sofia,Martin,sofia.martin.29@example.com,Sofia,Bulgaria,2023-09-27
30,Sofia,Georgieva,sofia.georgieva.30@example.com,Bucharest,Romania,2024-06-03
31,Martin,Nikolov,martin.nikolov.31@example.com,Cluj,Romania,2023-06-15
32,Ivan,Schmidt,ivan.schmidt.32@example.com,Milan,Italy,2023-01-20
33,Elena,Carter,elena.carter.33@example.com,Bucharest,Romania,2023-09-03
34,Maria,Todorova,maria.todorova.34@example.com,Plovdiv,Bulgaria,2023-03-29
35,Emma,Dimitrov,emma.dimitrov.35@example.com,Varna,Bulgaria,2023-05-12
36,Emma,Marin,emma.marin.36@example.com,Bucharest,Romania,2024-06-24
37,Laura,Popov,laura.popov.37@example.com,Burgas,Bulgaria,2023-11-16
38,Victor,Carter,victor.carter.38@example.com,Milan,Italy,2024-06-13
39,Peter,Georgieva,peter.georgieva.39@example.com,Burgas,Bulgaria,2023-08-19
40,Georgi,Schmidt,georgi.schmidt.40@example.com,Sofia,Bulgaria,2023-08-24
41,Anna,Ivanov,anna.ivanov.41@example.com,Plovdiv,Bulgaria,2023-03-02
42,Anna,Dimitrov,anna.dimitrov.42@example.com,Sofia,Bulgaria,2023-12-05
43,Georgi,Todorova,georgi.todorova.43@example.com,Bucharest,Romania,2024-05-12
44,Martin,Nikolov,martin.nikolov.44@example.com,Milan,Italy,2023-09-06
45,Emma,Miller,emma.miller.45@example.com,Burgas,Bulgaria,2023-04-07
46,Elena,Miller,elena.miller.46@example.com,Cluj,Romania,2024-03-09
47,Laura,Martin,laura.martin.47@example.com,Sofia,Bulgaria,2023-04-11
48,Maria,Brown,maria.brown.48@example.com,Cluj,Romania,2023-04-22
49,Anna,Popov,anna.popov.49@example.com,Burgas,Bulgaria,2024-04-04
50,Daniel,Miller,daniel.miller.50@example.com, Varna ,Bulgaria,2023-10-13
51,Peter,Todorova,peter.todorova.51@example.com,Plovdiv,Bulgaria,2024-03-29
52,Elena,Petrova,elena.petrova.52@example.com,Sofia,Bulgaria,2023-04-06
53,Anna,Marin,anna.marin.53@example.com,Berlin,Germany,2024-05-12
54,Emma,Popov,emma.popov.54@example.com,Berlin,Germany,2023-03-02
55,Sofia,Brown,sofia.brown.55@example.com,Sofia,Bulgaria,2024-02-04
56,Nikolay,Martin,nikolay.martin.56@example.com,Bucharest,Romania,2024-03-09
57,Emma,Nikolov,emma.nikolov.57@example.com,Burgas,Bulgaria,2023-10-31
58,Martin,Petrova,martin.petrova.58@example.com,Sofia,Bulgaria,2023-11-18
59,Maria,Petrova,maria.petrova.59@example.com,Milan,Italy,2024-05-29
60,Sofia,Petrova,sofia.petrova.60@example.com,Plovdiv,Bulgaria,2023-07-10
61,Georgi,Dimitrov,georgi.dimitrov.61@example.com,Burgas,Bulgaria,2024-02-18
62,Elena,Todorova,elena.todorova.62@example.com,Sofia,Bulgaria,2023-03-25
63,Laura,Schmidt,laura.schmidt.63@example.com,Bucharest,Romania,2023-07-29
64,Alex,Todorova,alex.todorova.64@example.com,Bucharest,Romania,2024-02-10
65,Daniel,Rossi,daniel.rossi.65@example.com,Milan,Italy,2023-11-20
66,Georgi,Ivanov,georgi.ivanov.66@example.com,Milan,Italy,2023-04-13
67,Georgi,Popov,georgi.popov.67@example.com,Bucharest,Romania,2023-05-16
68,Sara,Dimitrov,sara.dimitrov.68@example.com,Burgas,Bulgaria,2024-01-14
69,Victoria,Marin,victoria.marin.69@example.com,Milan,Italy,2023-11-06
70,Ivan,Rossi,ivan.rossi.70@example.com,Plovdiv,Bulgaria,2023-05-18
71,Nikolay,Georgieva,nikolay.georgieva.71@example.com,Plovdiv,Bulgaria,2023-06-09
72,Nikolay,Rossi,nikolay.rossi.72@example.com,Burgas,Bulgaria,2023-12-18
73,Martin,Morgan,martin.morgan.73@example.com,Milan,Italy,2023-09-15
74,Maria,Dimitrov,maria.dimitrov.74@example.com,Berlin,Germany,2023-10-11
75,Maria,Ivanov,maria.ivanov.75@example.com,Cluj,Romania,2023-05-14
76,Nikolay,Marin,nikolay.marin.76@example.com,Milan,Italy,2024-03-13
77,Ivan,Georgieva,ivan.georgieva.77@example.com,Plovdiv,Bulgaria,2023-06-02
78,Maria,Carter,maria.carter.78@example.com,Varna,Bulgaria,2024-03-16
79,Daniel,Petrova,daniel.petrova.79@example.com,Bucharest,Romania,2024-01-09
80,Maria,Carter,maria.carter.80@example.com,Burgas,Bulgaria,2023-09-13
81,Elena,Carter,elena.carter.81@example.com,Berlin,Germany,2023-06-08
82,Anna,Marin,anna.marin.82@example.com,Varna,Bulgaria,2024-02-27
83,Ivan,Marin,ivan.marin.83@example.com,Cluj,Romania,2024-02-26
84,Anna,Morgan,anna.morgan.84@example.com,Varna,Bulgaria,2023-04-21
85,Victor,Petrova,victor.petrova.85@example.com,Milan,Italy,2023-08-16
86,Martin,Martin,martin.martin.86@example.com,Cluj,Romania,2023-11-09
87,Anna,Todorova,anna.todorova.87@example.com,Sofia,Bulgaria,2023-07-17
88,Victor,Schmidt,victor.schmidt.88@example.com,Bucharest,Romania,2023-03-13
89,Nikolay,Carter,nikolay.carter.89@example.com,Berlin,Germany,2023-12-06
90,Ivan,Georgieva,ivan.georgieva.90@example.com,Bucharest,bulgaria,2023-07-02
91,Nikolay,Petrova,nikolay.petrova.91@example.com,Plovdiv,Bulgaria,2024-03-20
92,Sara,Schmidt,sara.schmidt.92@example.com,Berlin,Germany,2024-06-07
93,Elena,Brown,elena.brown.93@example.com,Burgas,Bulgaria,2023-09-18
94,Maria,Miller,maria.miller.94@example.com,Sofia,Bulgaria,2024-06-16
95,Martin,Carter,martin.carter.95@example.com,Berlin,Germany,2023-03-13
96,Alex,Schmidt,alex.schmidt.96@example.com,Plovdiv,Bulgaria,2023-11-04
97,Victoria,Miller,victoria.miller.97@example.com,Cluj,Romania,2024-02-17
98,Victoria,Nikolov,victoria.nikolov.98@example.com,Burgas,Bulgaria,2024-03-06
99,Victor,Marin,victor.marin.99@example.com,Bucharest,Romania,2024-02-20
100,Ivan,Rossi,ivan.rossi.100@example.com,Bucharest,Romania,2023-08-04
101,Laura,Schmidt,laura.schmidt.101@example.com,Milan,Italy,2024-03-28
102,Peter,Popov,peter.popov.102@example.com,Milan,Italy,2023-06-23
103,Georgi,Rossi,georgi.rossi.103@example.com,Cluj,Romania,2023-04-06
104,Anna,Rossi,anna.rossi.104@example.com,Burgas,Bulgaria,2023-07-23
105,Daniel,Ivanov,daniel.ivanov.105@example.com,Sofia,Bulgaria,2023-09-08
106,Emma,Dimitrov,emma.dimitrov.106@example.com,Milan,Italy,2024-02-29
107,Martin,Brown,martin.brown.107@example.com,Milan,Italy,2024-02-14
108,Anna,Nikolov,anna.nikolov.108@example.com,Sofia,Bulgaria,2023-04-20
109,Laura,Todorova,laura.todorova.109@example.com,Varna,Bulgaria,2024-06-14
110,Peter,Petrova,peter.petrova.110@example.com,Burgas,Bulgaria,2023-05-05
111,Peter,Nikolov,peter.nikolov.111@example.com,Milan,Italy,2024-06-27
112,Alex,Martin,alex.martin.112@example.com,Berlin,Germany,2024-04-01
113,Sofia,Wilson,sofia.wilson.113@example.com,Milan,Italy,2023-09-23
114,Anna,Morgan,anna.morgan.114@example.com,Milan,Italy,2023-09-02
115,Nikolay,Martin,nikolay.martin.115@example.com,Plovdiv,Bulgaria,2023-10-20
116,Anna,Morgan,anna.morgan.116@example.com,Cluj,Romania,2023-11-24
117,Georgi,Nikolov,georgi.nikolov.117@example.com,Varna,Bulgaria,2023-08-25
118,Victor,Nikolov,victor.nikolov.118@example.com,Burgas,Bulgaria,2023-03-07
119,Laura,Miller,laura.miller.119@example.com,Cluj,Romania,2024-04-22
120,Laura,Petrova,laura.petrova.120@example.com,Burgas,Bulgaria,2024-03-06
121,Victor,Ivanov,victor.ivanov.121@example.com,Berlin,Germany,2024-05-03
122,Ivan,Carter,ivan.carter.122@example.com,Bucharest,Romania,2024-02-04
123,Laura,Todorova,laura.todorova.123@example.com,Milan,Italy,2023-08-13
124,Nikolay,Miller,nikolay.miller.124@example.com,Milan,Italy,2023-01-30
125,Victor,Schmidt,victor.schmidt.125@example.com,Berlin,Germany,2023-06-19
126,Peter,Nikolov,peter.nikolov.126@example.com,Sofia,Bulgaria,2024-02-08
127,Ivan,Dimitrov,ivan.dimitrov.127@example.com,Berlin,Germany,2023-05-19
128,Peter,Marin,peter.marin.128@example.com,Sofia,Bulgaria,2023-09-24
129,Victor,Schmidt,victor.schmidt.129@example.com,Burgas,Bulgaria,2024-04-10
130,Alex,Schmidt,alex.schmidt.130@example.com,Berlin,Germany,2023-10-12
131,Laura,Morgan,laura.morgan.131@example.com,Plovdiv,Bulgaria,2024-04-26
132,Ivan,Petrova,ivan.petrova.132@example.com,Cluj,Romania,2023-08-18
133,Georgi,Petrova,georgi.petrova.133@example.com,Sofia,Bulgaria,2023-09-11
134,Martin,Ivanov,martin.ivanov.134@example.com,Varna,Bulgaria,2023-09-02
135,Daniel,Wilson,daniel.wilson.135@example.com,Plovdiv,Bulgaria,2023-08-12
136,Peter,Morgan,peter.morgan.136@example.com,Cluj,Romania,2023-06-21
137,Elena,Marin,elena.marin.137@example.com,Bucharest,Romania,2023-04-21
138,Ivan,Rossi,ivan.rossi.138@example.com,Berlin,Germany,2024-02-11
139,Martin,Dimitrov,martin.dimitrov.139@example.com,Burgas,Bulgaria,2023-04-15
140,Victoria,Georgieva,victoria.georgieva.140@example.com,Sofia,Bulgaria,2023-12-22
141,Laura,Carter,laura.carter.141@example.com,Plovdiv,Bulgaria,2024-06-02
142,Alex,Ivanov,alex.ivanov.142@example.com,Berlin,Germany,2024-05-16
143,Elena,Miller,elena.miller.143@example.com,Cluj,Romania,2024-04-15
144,Daniel,Miller,daniel.miller.144@example.com,Varna,Bulgaria,2024-06-18
145,Nikolay,Wilson,nikolay.wilson.145@example.com,Milan,Italy,2024-03-22
146,Nikolay,Schmidt,nikolay.schmidt.146@example.com,Burgas,Bulgaria,2023-03-30
147,Nikolay,Martin,nikolay.martin.147@example.com,Burgas,Bulgaria,2024-04-20
148,Victor,Schmidt,victor.schmidt.148@example.com,Sofia,Bulgaria,2024-05-21
149,Alex,Marin,alex.marin.149@example.com,Milan,Italy,2023-08-06
150,Sara,Morgan,sara.morgan.150@example.com,Cluj,Romania,2023-10-14
151,Nikolay,Ivanov,nikolay.ivanov.151@example.com,Burgas,Bulgaria,2023-03-29
152,Anna,Miller,anna.miller.152@example.com,Milan,Italy,2023-09-04
153,Emma,Wilson,emma.wilson.153@example.com,Milan,Italy,2023-01-18
154,Georgi,Rossi,georgi.rossi.154@example.com,Burgas,Bulgaria,2024-02-19
155,Anna,Rossi,anna.rossi.155@example.com,Cluj,Romania,2024-04-29
156,Sara,Miller,sara.miller.156@example.com,Cluj,Romania,2023-12-27
157,Peter,Morgan,peter.morgan.157@example.com,Bucharest,Romania,2023-09-15
158,Anna,Georgieva,anna.georgieva.158@example.com,Burgas,Bulgaria,2023-11-20
159,Elena,Marin,elena.marin.159@example.com,Burgas,Bulgaria,2023-08-10
160,Emma,Morgan,emma.morgan.160@example.com,Bucharest,Romania,2023-04-13
161,Martin,Rossi,martin.rossi.161@example.com,Burgas,Bulgaria,2024-01-05
162,Sofia,Rossi,sofia.rossi.162@example.com,Sofia,Bulgaria,2024-06-30
163,Daniel,Morgan,daniel.morgan.163@example.com,Sofia,Bulgaria,2023-02-25
164,Victoria,Nikolov,victoria.nikolov.164@example.com,Milan,Italy,2023-04-16
165,Ivan,Rossi,ivan.rossi.165@example.com,Milan,Italy,2024-05-05
166,Peter,Schmidt,peter.schmidt.166@example.com,Varna,Bulgaria,2023-02-22
167,Nikolay,Wilson,nikolay.wilson.167@example.com,Plovdiv,Bulgaria,2023-03-08
168,Victor,Wilson,victor.wilson.168@example.com,Plovdiv,Bulgaria,2023-02-24
169,Daniel,Nikolov,daniel.nikolov.169@example.com,Bucharest,Romania,2023-03-29
170,Anna,Georgieva,anna.georgieva.170@example.com,Berlin,Germany,2023-08-20
171,Victor,Martin,victor.martin.171@example.com,Milan,Italy,2023-11-01
172,Laura,Rossi,laura.rossi.172@example.com,Sofia,Bulgaria,2023-04-12
173,Martin,Popov,martin.popov.173@example.com,Bucharest,Romania,2023-03-25
174,Sofia,Todorova,sofia.todorova.174@example.com,Varna,Bulgaria,2023-03-18
175,Sofia,Ivanov,sofia.ivanov.175@example.com,Berlin,Germany,2024-04-06
176,Emma,Rossi,emma.rossi.176@example.com,Sofia,Bulgaria,2023-08-26
177,Victoria,Rossi,victoria.rossi.177@example.com,Milan,Italy,2023-03-14
178,Anna,Morgan,anna.morgan.178@example.com,Burgas,Bulgaria,2024-03-11
179,Elena,Todorova,elena.todorova.179@example.com,Varna,Bulgaria,2023-09-30
180,Daniel,Dimitrov,daniel.dimitrov.180@example.com,Sofia,Bulgaria,2023-06-19
181,Victoria,Rossi,victoria.rossi.181@example.com,Milan,Italy,2023-05-08
182,Peter,Rossi,peter.rossi.182@example.com,Berlin,Germany,2023-10-06
183,Emma,Martin,emma.martin.183@example.com,Plovdiv,Bulgaria,2023-02-10
184,Laura,Schmidt,laura.schmidt.184@example.com,Bucharest,Romania,2023-01-27
185,Georgi,Todorova,georgi.todorova.185@example.com,Sofia,Bulgaria,2023-10-03
186,Maria,Marin,maria.marin.186@example.com,Milan,Italy,2024-06-15
187,Peter,Morgan,peter.morgan.187@example.com,Varna,Bulgaria,2024-03-22
188,Emma,Dimitrov,emma.dimitrov.188@example.com,Milan,Italy,2023-12-23
189,Laura,Schmidt,laura.schmidt.189@example.com,Cluj,Romania,2023-04-18
190,Sofia,Schmidt,sofia.schmidt.190@example.com,Berlin,Germany,2024-05-22
191,Victoria,Brown,victoria.brown.191@example.com,Sofia,Bulgaria,2024-04-10
192,Georgi,Schmidt,georgi.schmidt.192@example.com,Bucharest,Romania,2023-11-28
193,Elena,Brown,elena.brown.193@example.com,Sofia,Bulgaria,2024-04-18
194,Laura,Petrova,laura.petrova.194@example.com,Burgas,Bulgaria,2024-06-14
195,Sara,Wilson,sara.wilson.195@example.com,Milan,Italy,2023-02-22
196,Martin,Morgan,martin.morgan.196@example.com,Varna,Bulgaria,2023-10-22
197,Peter,Wilson,peter.wilson.197@example.com,Plovdiv,Bulgaria,2023-01-30
198,Anna,Marin,anna.marin.198@example.com,Bucharest,Romania,2023-01-15
199,Laura,Dimitrov,laura.dimitrov.199@example.com,Burgas,Bulgaria,2023-04-27
200,Peter,Georgieva,peter.georgieva.200@example.com,Varna,Bulgaria,2024-05-25
201,Victoria,Morgan,victoria.morgan.201@example.com,Berlin,Germany,2024-05-09
202,Emma,Todorova,emma.todorova.202@example.com,Milan,Italy,2023-05-29
203,Victor,Popov,victor.popov.203@example.com,Varna,Bulgaria,2023-03-13
204,Nikolay,Miller,nikolay.miller.204@example.com,Cluj,Romania,2024-06-03
205,Nikolay,Ivanov,nikolay.ivanov.205@example.com,Bucharest,Romania,2023-11-02
206,Emma,Nikolov,emma.nikolov.206@example.com,Milan,Italy,2024-05-10
207,Sara,Schmidt,sara.schmidt.207@example.com,Berlin,Germany,2024-04-11
208,Alex,Popov,alex.popov.208@example.com,Burgas,Bulgaria,2024-01-28
209,Anna,Miller,anna.miller.209@example.com,Sofia,Bulgaria,2023-11-22
210,Emma,Brown,emma.brown.210@example.com,Berlin,Germany,2023-06-05
211,Emma,Petrova,emma.petrova.211@example.com,Varna,Bulgaria,2024-05-29
212,Alex,Georgieva,alex.georgieva.212@example.com,Milan,Italy,2023-04-13
213,Peter,Ivanov,peter.ivanov.213@example.com,Varna,Bulgaria,2024-02-24
214,Daniel,Dimitrov,daniel.dimitrov.214@example.com,Milan,Italy,2023-09-29
215,Alex,Brown,alex.brown.215@example.com,Plovdiv,Bulgaria,2023-12-03
216,Victor,Schmidt,victor.schmidt.216@example.com,Milan,Italy,2023-02-06
217,Georgi,Todorova,georgi.todorova.217@example.com,Bucharest,Romania,2023-08-21
218,Georgi,Miller,georgi.miller.218@example.com,Plovdiv,Bulgaria,2023-04-13
219,Peter,Marin,peter.marin.219@example.com,Bucharest,Romania,2023-01-30
220,Maria,Schmidt,maria.schmidt.220@example.com,Sofia,Bulgaria,2023-10-28
221,Sara,Carter,sara.carter.221@example.com,Berlin,Germany,2023-05-30
222,Anna,Miller,anna.miller.222@example.com,Varna,Bulgaria,2023-06-24
223,Sofia,Dimitrov,sofia.dimitrov.223@example.com,Berlin,Germany,2023-09-04
224,Emma,Nikolov,emma.nikolov.224@example.com,Burgas,Bulgaria,2024-04-17
225,Nikolay,Martin,nikolay.martin.225@example.com,Bucharest,Romania,2023-01-10
226,Peter,Rossi,peter.rossi.226@example.com,Varna,Bulgaria,2023-03-17
227,Peter,Carter,peter.carter.227@example.com,Bucharest,Romania,2024-03-10
228,Nikolay,Martin,nikolay.martin.228@example.com,Bucharest,Romania,2023-07-23
229,Victor,Wilson,victor.wilson.229@example.com,Plovdiv,Bulgaria,2023-08-31
230,Victor,Carter,victor.carter.230@example.com,Bucharest,Romania,2023-10-30
231,Ivan,Brown,ivan.brown.231@example.com,Bucharest,Romania,2023-01-09
232,Maria,Wilson,maria.wilson.232@example.com,Bucharest,Romania,2023-08-24
233,Sara,Todorova,sara.todorova.233@example.com,Burgas,Bulgaria,2023-09-14
234,Daniel,Georgieva,daniel.georgieva.234@example.com,Sofia,Bulgaria,2023-11-13
235,Peter,Petrova,peter.petrova.235@example.com,Cluj,Romania,2023-05-15
236,Georgi,Rossi,georgi.rossi.236@example.com,Cluj,Romania,2024-03-01
237,Sofia,Popov,sofia.popov.237@example.com,Varna,Bulgaria,2024-01-10
238,Nikolay,Marin,nikolay.marin.238@example.com,Bucharest,Romania,2024-05-08
239,Victoria,Schmidt,victoria.schmidt.239@example.com,Plovdiv,Bulgaria,2024-04-24
240,Georgi,Nikolov,georgi.nikolov.240@example.com,Burgas,Bulgaria,2024-02-11
241,Sara,Dimitrov,sara.dimitrov.241@example.com,Berlin,Germany,2023-01-15
242,Nikolay,Georgieva,nikolay.georgieva.242@example.com,Milan,Italy,2024-01-13
243,Nikolay,Brown,nikolay.brown.243@example.com,Cluj,Romania,2023-04-21
244,Anna,Wilson,anna.wilson.244@example.com,Sofia,Bulgaria,2023-12-02
245,Anna,Dimitrov,anna.dimitrov.245@example.com,Milan,Italy,2023-11-06
246,Laura,Georgieva,laura.georgieva.246@example.com,Varna,Bulgaria,2023-02-16
247,Maria,Rossi,maria.rossi.247@example.com,Milan,Italy,2023-04-29
248,Elena,Todorova,elena.todorova.248@example.com,Varna,Bulgaria,2024-02-02
249,Peter,Carter,peter.carter.249@example.com,Berlin,Germany,2023-06-08
250,Laura,Georgieva,laura.georgieva.250@example.com,Milan,Italy,2024-02-22
251,Nikolay,Petrova,nikolay.petrova.251@example.com,Cluj,Romania,2023-08-11
252,Peter,Martin,peter.martin.252@example.com,Burgas,Bulgaria,2024-01-07
253,Elena,Carter,elena.carter.253@example.com,Cluj,Romania,2023-03-04
254,Victor,Morgan,victor.morgan.254@example.com,Burgas,Bulgaria,2023-05-06
255,Peter,Dimitrov,peter.dimitrov.255@example.com,Burgas,Bulgaria,2023-01-22
256,Maria,Schmidt,maria.schmidt.256@example.com,Burgas,Bulgaria,2023-05-09
257,Martin,Dimitrov,martin.dimitrov.257@example.com,Burgas,Bulgaria,2023-08-10
258,Anna,Schmidt,anna.schmidt.258@example.com,Varna,Bulgaria,2023-01-03
259,Nikolay,Nikolov,nikolay.nikolov.259@example.com,Varna,Bulgaria,2023-09-14
260,Sofia,Georgieva,sofia.georgieva.260@example.com,Sofia,Bulgaria,2023-05-15
261,Ivan,Carter,ivan.carter.261@example.com,Burgas,Bulgaria,2023-11-28
262,Ivan,Marin,ivan.marin.262@example.com,Bucharest,Romania,2023-02-23
263,Daniel,Miller,daniel.miller.263@example.com,Plovdiv,Bulgaria,2023-03-07
264,Emma,Martin,emma.martin.264@example.com,Cluj,Romania,2024-06-09
265,Elena,Martin,elena.martin.265@example.com,Burgas,Bulgaria,2023-02-14
266,Victoria,Martin,victoria.martin.266@example.com,Sofia,Bulgaria,2023-03-04
267,Emma,Brown,emma.brown.267@example.com,Berlin,Germany,2023-04-21
268,Emma,Martin,emma.martin.268@example.com,Plovdiv,Bulgaria,2023-03-24
269,Alex,Nikolov,alex.nikolov.269@example.com,Plovdiv,Bulgaria,2023-05-10
270,Nikolay,Schmidt,nikolay.schmidt.270@example.com,Berlin,Germany,2024-06-27
271,Victoria,Martin,victoria.martin.271@example.com,Berlin,Germany,2023-04-12
272,Elena,Popov,elena.popov.272@example.com,Berlin,Germany,2024-04-07
273,Anna,Miller,anna.miller.273@example.com,Cluj,Romania,2024-04-09
274,Victor,Miller,victor.miller.274@example.com,Plovdiv,Bulgaria,2023-11-17
275,Laura,Schmidt,laura.schmidt.275@example.com,Bucharest,Romania,2024-01-19
276,Daniel,Wilson,daniel.wilson.276@example.com,Plovdiv,Bulgaria,2023-04-04
277,Georgi,Dimitrov,georgi.dimitrov.277@example.com,Berlin,Germany,2023-04-09
278,Sara,Nikolov,sara.nikolov.278@example.com,Sofia,Bulgaria,2023-12-04
279,Elena,Miller,elena.miller.279@example.com,Cluj,Romania,2024-03-09
280,Maria,Rossi,maria.rossi.280@example.com,Bucharest,Romania,2023-12-27
281,Elena,Popov,elena.popov.281@example.com,Varna,Bulgaria,2024-05-08
282,Anna,Georgieva,anna.georgieva.282@example.com,Cluj,Romania,2024-01-12
283,Elena,Morgan,elena.morgan.283@example.com,Burgas,Bulgaria,2024-03-15
284,Ivan,Morgan,ivan.morgan.284@example.com,Sofia,Bulgaria,2023-07-04
285,Nikolay,Rossi,nikolay.rossi.285@example.com,Cluj,Romania,2023-12-26
286,Ivan,Marin,ivan.marin.286@example.com,Varna,Bulgaria,2024-02-15
287,Georgi,Nikolov,georgi.nikolov.287@example.com,Sofia,Bulgaria,2023-04-04
288,Martin,Brown,martin.brown.288@example.com,Berlin,Germany,2024-04-09
289,Alex,Marin,alex.marin.289@example.com,Cluj,Romania,2023-11-16
290,Alex,Dimitrov,alex.dimitrov.290@example.com,Sofia,Bulgaria,2023-06-09
291,Sofia,Petrova,sofia.petrova.291@example.com,Plovdiv,Bulgaria,2023-10-06
292,Peter,Miller,peter.miller.292@example.com,Milan,Italy,2024-03-28
293,Laura,Morgan,laura.morgan.293@example.com,Burgas,Bulgaria,2024-06-08
294,Elena,Carter,elena.carter.294@example.com,Berlin,Germany,2023-04-24
295,Victoria,Wilson,victoria.wilson.295@example.com,Bucharest,Romania,2023-02-16
296,Anna,Brown,anna.brown.296@example.com,Sofia,Bulgaria,2023-01-08
297,Martin,Rossi,martin.rossi.297@example.com,Burgas,Bulgaria,2023-05-21
298,Nikolay,Rossi,nikolay.rossi.298@example.com,Cluj,Romania,2023-05-03
299,Ivan,Wilson,ivan.wilson.299@example.com,Berlin,Germany,2023-06-29
300,Daniel,Brown,daniel.brown.300@example.com,Burgas,Bulgaria,2024-05-27
40,Georgi,Schmidt,georgi.schmidt.40@example.com,Sofia,Bulgaria,2023-08-24
