SaleID,CustomerID,StoreID,SaleDate,SalesChannel,PromotionID
1,182,1.0,2025-07-26 19:51:00,Store,6.0
2,132,4.0,2024-03-20 14:36:00,Store,1.0
3,295,,2024-01-22 14:10:00,Online,
4,186,1.0,2025-04-16 20:58:00,Store,
5,206,4.0,2024-09-06 15:37:00,Store,
6,114,2.0,2024-11-13 20:21:00,Store,
7,35,2.0,2024-03-19 17:40:00,Store,
8,76,2.0,2024-12-23 14:46:00,Store,4.0
9,39,4.0,2025-09-08 11:48:00,Store,
10,297,5.0,2025-04-20 21:36:00,Store,
11,166,,2025-10-20 19:39:00,Online,
12,226,4.0,2025-10-04 14:09:00,Store,
13,141,3.0,2025-10-08 13:50:00,Store,
14,237,1.0,2025-06-03 10:19:00,Store,
15,47,5.0,2025-01-12 13:04:00,Store,
16,284,,2025-01-28 16:37:00,Online,
17,284,2.0,2024-02-12 16:58:00,Store,
18,257,1.0,2024-11-25 18:30:00,Store,3.0
19,55,4.0,2024-03-27 17:41:00,Store,
20,82,3.0,2025-06-20 17:39:00,Store,
21,174,,2025-01-31 15:49:00,Online,
22,223,3.0,2024-02-23 21:40:00,Store,
23,112,5.0,2024-04-06 17:43:00,Store,
24,78,,2024-06-02 14:05:00,Online,
25,201,1.0,2024-11-13 19:44:00,Store,
26,169,,2024-11-13 17:24:00,Online,
27,270,4.0,2025-11-17 20:53:00,Store,
28,186,2.0,2025-06-04 14:01:00,Store,
29,99,2.0,2024-12-15 21:31:00,Store,4.0
30,21,,2024-04-13 17:49:00,Online,
31,193,2.0,2025-09-24 11:38:00,Store,
32,85,,2025-12-10 21:39:00,Online,8.0
33,228,4.0,2025-11-23 20:15:00,Store,7.0
34,241,,2024-11-12 21:50:00,Online,
35,293,,2024-07-17 14:43:00,Online,2.0
36,215,,2025-01-26 17:33:00,Online,
37,71,,2024-07-23 21:38:00,Online,2.0
38,53,,2025-01-15 17:59:00,Online,
39,43,,2025-06-12 10:18:00,Online,
40,263,4.0,2024-10-06 16:57:00,Store,
41,134,,2024-04-03 12:52:00,Online,
42,152,2.0,2024-01-28 15:03:00,Store,
43,115,1.0,2025-01-30 10:23:00,Store,
44,75,3.0,2025-10-27 14:50:00,Store,
45,72,,2025-04-28 20:53:00,Online,
46,3,,2025-04-25 16:39:00,Online,
47,52,5.0,2024-01-20 13:13:00,Store,
48,148,1.0,2025-06-24 15:07:00,Store,
49,223,,2024-02-18 12:26:00,Online,
50,256,1.0,2025-04-13 10:07:00,Store,
51,124,,2025-10-09 17:36:00,Online,
52,181,4.0,2024-10-25 15:00:00,Store,
53,44,3.0,2024-07-10 19:42:00,Store,2.0
54,199,,2025-02-03 16:02:00,Online,
55,183,,2024-09-16 20:01:00,Online,
56,54,,2024-12-19 12:46:00,Online,
57,181,2.0,2024-12-06 11:02:00,Store,
58,246,2.0,2025-12-02 16:44:00,Store,
59,154,2.0,2024-03-05 20:49:00,Store,1.0
60,110,5.0,2024-02-12 14:59:00,Store,
61,98,1.0,2025-04-29 13:02:00,Store,
62,64,,2025-11-02 14:17:00,Online,
63,226,,2025-03-23 15:47:00,Online,5.0
64,189,,2025-05-23 20:31:00,Online,
65,43,,2025-06-15 13:51:00,Online,
66,258,3.0,2024-03-21 15:38:00,Store,1.0
67,157,4.0,2024-12-01 19:18:00,Store,
68,184,3.0,2024-06-19 20:28:00,Store,
69,30,4.0,2025-09-21 15:17:00,Store,
70,82,,2025-01-07 17:51:00,Online,
71,242,1.0,2024-05-26 18:43:00,Store,
72,188,5.0,2024-08-29 21:41:00,Store,
73,249,3.0,2024-02-03 18:09:00,Store,
74,40,5.0,2025-01-15 16:48:00,Store,
75,143,1.0,2025-01-10 15:20:00,Store,
76,184,5.0,2024-01-27 20:11:00,Store,
77,151,,2024-04-30 13:49:00,Online,
78,252,2.0,2024-08-07 18:18:00,Store,
79,285,,2024-03-16 16:11:00,Online,
80,178,,2025-11-29 14:42:00,Online,7.0
81,90,,2024-11-03 11:45:00,Online,
82,103,,2025-06-04 12:07:00,Online,
83,14,5.0,2024-08-30 21:31:00,Store,
84,283,1.0,2025-01-12 16:51:00,Store,
85,237,,2024-03-08 13:25:00,Online,1.0
86,163,4.0,2025-08-11 10:08:00,Store,
87,177,5.0,2025-04-22 19:33:00,Store,
88,67,1.0,2025-10-17 18:11:00,Store,
89,173,3.0,2024-05-07 17:09:00,Store,
90,266,,2025-12-27 12:22:00,Online,
91,283,3.0,2024-09-13 12:40:00,Store,
92,258,5.0,2025-09-21 17:05:00,Store,
93,173,,2025-08-17 11:10:00,Online,
94,15,5.0,2025-07-31 09:52:00,Store,6.0
95,16,5.0,2025-08-08 15:39:00,Store,
96,248,4.0,2024-10-23 19:19:00,Store,
97,31,4.0,2024-10-31 16:04:00,Store,
98,175,3.0,2025-05-10 16:13:00,Store,
99,177,,2024-11-22 20:55:00,Online,3.0
100,164,1.0,2025-06-11 17:06:00,Store,
101,73,3.0,2024-09-30 16:15:00,Store,
102,128,,2025-01-28 18:26:00,Online,
103,169,2.0,2024-06-12 14:59:00,Store,
104,256,,2025-05-25 17:29:00,Online,
105,202,2.0,2025-05-24 09:05:00,Store,
106,25,4.0,2024-08-08 18:22:00,Store,
107,241,1.0,2025-09-03 19:43:00,Store,
108,156,,2024-04-20 15:08:00,Online,
109,206,5.0,2025-02-16 14:02:00,Store,
110,148,5.0,2024-07-18 14:35:00,Store,2.0
111,61,1.0,2025-09-30 19:39:00,Store,
112,174,3.0,2025-02-07 14:50:00,Store,
113,280,1.0,2024-05-27 12:38:00,Store,
114,249,4.0,2024-02-16 09:08:00,Store,
115,264,5.0,2025-06-15 16:09:00,Store,
116,154,5.0,2024-11-22 11:25:00,Store,
117,289,1.0,2025-06-29 16:45:00,Store,
118,57,,2025-01-12 14:43:00,Online,
119,14,3.0,2025-08-20 13:50:00,Store,
120,297,1.0,2025-11-02 21:49:00,Store,
121,269,5.0,2025-08-20 16:10:00,Store,
122,125,1.0,2025-01-24 11:52:00,Store,
123,161,4.0,2024-07-14 09:28:00,Store,
124,242,,2025-02-24 17:49:00,Online,
125,172,3.0,2024-03-04 20:08:00,Store,
126,161,,2025-05-04 17:24:00,Online,
127,280,3.0,2025-04-15 17:21:00,Store,
128,127,3.0,2025-09-16 16:12:00,Store,
129,148,,2024-08-18 13:49:00,Online,
130,163,5.0,2025-12-07 20:31:00,Store,
131,294,,2024-10-07 13:07:00,Online,
132,177,,2025-01-23 15:52:00,Online,
133,159,,2024-05-29 13:02:00,Online,
134,135,,2024-03-21 14:59:00,Online,
135,276,5.0,2024-08-07 12:52:00,Store,
136,56,5.0,2025-12-13 13:08:00,Store,8.0
137,120,4.0,2025-11-16 17:14:00,Store,
138,52,,2024-12-04 20:30:00,Online,
139,87,4.0,2024-05-20 09:35:00,Store,
140,148,1.0,2025-05-03 19:12:00,Store,
141,70,1.0,2024-04-01 19:36:00,Store,
142,91,,2024-06-28 15:56:00,Online,
143,181,3.0,2024-02-07 15:50:00,Store,
144,210,3.0,2024-02-08 09:19:00,Store,
145,279,2.0,2024-10-18 16:41:00,Store,
146,99,,2025-05-31 16:17:00,Online,
147,235,2.0,2024-12-04 11:46:00,Store,
148,291,2.0,2024-01-15 20:21:00,Store,
149,209,,2024-06-28 18:54:00,Online,
150,206,,2025-06-11 14:05:00,Online,
151,166,,2024-07-08 11:30:00,Online,2.0
152,137,,2024-08-29 16:48:00,Online,
153,294,3.0,2024-11-05 18:46:00,Store,
154,61,2.0,2025-12-10 12:03:00,Store,8.0
155,152,2.0,2025-12-07 10:40:00,Store,
156,79,5.0,2024-08-12 11:30:00,Store,
157,282,,2025-01-17 15:44:00,Online,
158,112,,2025-07-04 21:42:00,Online,
159,270,3.0,2025-09-02 21:05:00,Store,
160,17,,2024-03-20 18:07:00,Online,
161,77,5.0,2024-07-26 18:34:00,Store,2.0
162,262,1.0,2025-08-20 16:05:00,Store,
163,213,1.0,2025-04-09 11:32:00,Store,
164,158,,2025-07-26 16:43:00,Online,6.0
165,24,1.0,2024-08-11 18:04:00,Store,
166,36,,2025-07-08 09:59:00,Online,6.0
167,70,,2025-02-22 11:49:00,Online,
168,196,4.0,2025-10-23 15:23:00,Store,
169,277,3.0,2025-01-19 10:43:00,Store,
170,229,2.0,2024-05-01 11:34:00,Store,
171,115,5.0,2024-01-04 21:01:00,Store,
172,118,3.0,2025-03-10 17:24:00,Store,5.0
173,245,1.0,2024-04-25 09:51:00,Store,
174,52,4.0,2024-09-03 12:04:00,Store,
175,25,1.0,2025-09-04 19:45:00,Store,
176,277,1.0,2025-02-15 16:14:00,Store,
177,130,,2024-05-23 17:18:00,Online,
178,165,2.0,2025-08-12 14:36:00,Store,
179,212,1.0,2025-11-07 17:14:00,Store,
180,90,4.0,2025-07-24 18:56:00,Store,
181,233,5.0,2024-02-18 14:41:00,Store,
182,210,4.0,2024-11-22 20:26:00,Store,3.0
183,74,,2024-09-03 12:19:00,Online,
184,136,2.0,2024-02-29 17:26:00,Store,
185,105,1.0,2025-02-01 12:16:00,Store,
186,275,,2025-04-05 14:05:00,Online,
187,194,,2024-07-14 09:17:00,Online,
188,245,5.0,2024-03-15 12:51:00,Store,1.0
189,8,2.0,2024-12-06 13:58:00,Store,
190,276,,2024-04-30 20:48:00,Online,
191,105,2.0,2025-12-13 18:45:00,Store,
192,274,3.0,2024-10-16 15:29:00,Store,
193,255,4.0,2024-09-24 14:32:00,Store,
194,161,5.0,2024-11-23 12:23:00,Store,
195,229,2.0,2024-05-29 09:16:00,Store,
196,292,,2024-12-03 12:24:00,Online,
197,173,4.0,2025-05-26 17:41:00,Store,
198,236,3.0,2025-10-19 20:31:00,Store,
199,285,5.0,2024-06-22 11:46:00,Store,
200,18,,2025-10-19 09:33:00,Online,
201,245,2.0,2024-03-17 19:03:00,Store,
202,78,5.0,2024-08-24 10:45:00,Store,
203,248,,2025-04-11 14:03:00,Online,
204,210,1.0,2024-01-17 09:34:00,Store,
205,275,,2025-06-26 20:17:00,Online,
206,257,,2024-01-18 17:52:00,Online,
207,50,2.0,2024-07-02 10:58:00,Store,2.0
208,204,4.0,2024-12-28 13:50:00,Store,4.0
209,42,,2025-12-14 12:19:00,Online,
210,146,4.0,2024-02-02 10:25:00,Store,
211,237,4.0,2024-02-27 19:00:00,Store,
212,170,1.0,2025-03-20 19:50:00,Store,
213,245,,2024-02-13 12:13:00,Online,
214,39,,2025-05-01 13:02:00,Online,
215,17,3.0,2024-10-14 17:36:00,Store,
216,48,,2024-01-17 12:37:00,Online,
217,40,5.0,2025-12-30 15:59:00,Store,8.0
218,197,,2025-11-24 17:21:00,Online,7.0
219,28,2.0,2025-05-27 20:22:00,Store,
220,246,5.0,2024-03-18 14:38:00,Store,1.0
221,285,,2024-01-31 19:17:00,Online,
222,284,,2025-05-17 12:22:00,Online,
223,300,,2025-03-18 11:43:00,Online,5.0
224,43,4.0,2024-09-09 20:04:00,Store,
225,79,,2025-12-29 21:40:00,Online,8.0
226,132,3.0,2024-04-03 09:19:00,Store,
227,107,5.0,2024-04-14 11:05:00,Store,
228,53,3.0,2025-07-22 17:26:00,Store,
229,167,,2025-09-03 18:50:00,Online,
230,152,,2024-01-13 13:26:00,Online,
231,267,4.0,2025-07-26 12:36:00,Store,6.0
232,75,4.0,2024-11-04 13:31:00,Store,
233,248,,2024-10-09 15:19:00,Online,
234,254,2.0,2025-01-04 13:15:00,Store,
235,156,4.0,2025-04-13 10:08:00,Store,
236,169,4.0,2024-12-06 18:24:00,Store,
237,154,2.0,2025-10-28 18:08:00,Store,
238,204,,2025-05-05 14:11:00,Online,
239,252,,2024-10-25 20:44:00,Online,
240,144,,2024-09-05 14:24:00,Online,
241,289,5.0,2025-02-06 14:07:00,Store,
242,282,4.0,2024-07-03 19:49:00,Store,
243,150,,2024-08-02 16:51:00,Online,
244,128,,2024-03-11 21:50:00,Online,1.0
245,79,,2024-09-04 13:42:00,Online,
246,246,5.0,2025-01-21 10:28:00,Store,
247,279,3.0,2025-06-02 20:26:00,Store,
248,44,2.0,2025-12-19 21:34:00,Store,
249,23,4.0,2024-12-29 11:41:00,Store,
250,55,3.0,2024-12-05 21:27:00,Store,
251,266,5.0,2024-08-15 17:47:00,Store,
252,201,5.0,2024-08-14 16:23:00,Store,
253,177,,2025-12-08 17:09:00,Online,
254,213,,2025-05-09 10:18:00,Online,
255,291,,2024-03-28 10:53:00,Online,1.0
256,267,4.0,2025-04-11 21:13:00,Store,
257,216,1.0,2024-04-09 16:46:00,Store,
258,59,3.0,2024-11-03 09:51:00,Store,
259,85,,2025-10-25 10:43:00,Online,
260,283,5.0,2024-09-06 17:11:00,Store,
261,208,2.0,2025-03-12 16:14:00,Store,
262,102,4.0,2025-03-18 15:01:00,Store,5.0
263,33,5.0,2024-07-29 13:48:00,Store,2.0
264,135,,2024-07-20 16:07:00,Online,2.0
265,201,3.0,2025-09-03 15:39:00,Store,
266,89,,2024-12-26 16:39:00,Online,
267,44,,2024-10-31 18:37:00,Online,
268,157,3.0,2024-11-16 10:15:00,Store,
269,199,2.0,2025-12-11 11:32:00,Store,
270,276,,2025-03-09 11:31:00,Online,
271,253,2.0,2024-06-26 17:10:00,Store,
272,28,,2024-11-18 16:39:00,Online,
273,71,,2024-01-10 16:08:00,Online,
274,254,4.0,2025-07-29 17:41:00,Store,6.0
275,290,2.0,2025-05-15 11:05:00,Store,
276,116,2.0,2024-10-26 09:17:00,Store,
277,254,1.0,2025-04-13 18:47:00,Store,
278,279,,2025-08-09 10:17:00,Online,
279,22,,2025-01-10 17:52:00,Online,
280,218,2.0,2025-03-27 17:13:00,Store,5.0
281,45,1.0,2025-04-05 13:22:00,Store,
282,180,,2024-08-30 12:51:00,Online,
283,85,2.0,2025-09-16 19:27:00,Store,
284,292,3.0,2024-07-30 21:03:00,Store,
285,153,3.0,2024-06-21 14:45:00,Store,
286,49,4.0,2025-06-10 19:52:00,Store,
287,221,2.0,2024-03-01 13:55:00,Store,1.0
288,202,5.0,2024-09-10 21:53:00,Store,
289,213,1.0,2025-10-09 13:40:00,Store,
290,48,3.0,2025-10-10 21:56:00,Store,
291,250,1.0,2025-12-12 14:29:00,Store,
292,195,,2024-04-05 20:29:00,Online,
293,274,4.0,2025-01-01 10:50:00,Store,
294,166,,2024-08-04 16:17:00,Online,
295,67,4.0,2024-12-11 17:36:00,Store,
296,24,4.0,2025-11-29 21:03:00,Store,7.0
297,220,2.0,2025-03-27 16:00:00,Store,
298,141,3.0,2024-11-05 11:55:00,Store,
299,85,3.0,2024-09-13 10:23:00,Store,
300,220,,2025-12-17 21:14:00,Online,
301,25,2.0,2024-01-02 12:30:00,Store,
302,5,3.0,2025-06-15 19:28:00,Store,
303,76,2.0,2024-05-03 15:44:00,Store,
304,53,3.0,2025-01-27 10:46:00,Store,
305,69,2.0,2024-11-02 11:24:00,Store,
306,3,2.0,2024-03-11 17:36:00,Store,1.0
307,211,4.0,2025-10-05 20:09:00,Store,
308,52,1.0,2024-08-10 10:57:00,Store,
309,180,,2025-08-26 20:24:00,Online,
310,127,1.0,2024-11-18 21:08:00,Store,
311,146,,2024-09-11 17:38:00,Online,
312,155,5.0,2025-12-08 09:54:00,Store,
313,201,1.0,2025-06-05 12:47:00,Store,
314,58,5.0,2024-09-02 16:24:00,Store,
315,4,,2024-03-13 17:56:00,Online,
316,237,2.0,2024-05-15 15:55:00,Store,
317,9,1.0,2025-04-27 21:04:00,Store,
318,31,,2024-09-25 12:02:00,Online,
319,257,,2025-02-11 17:18:00,Online,
320,43,5.0,2025-03-09 20:25:00,Store,
321,41,2.0,2024-10-11 10:19:00,Store,
322,211,1.0,2024-06-08 17:20:00,Store,
323,123,1.0,2024-11-13 20:27:00,Store,
324,29,2.0,2025-03-20 10:29:00,Store,5.0
325,255,,2025-12-19 09:10:00,Online,8.0
326,141,,2024-06-19 14:08:00,Online,
327,16,4.0,2024-04-30 21:57:00,Store,
328,135,,2024-10-05 17:04:00,Online,
329,255,3.0,2025-08-13 19:04:00,Store,
330,195,2.0,2024-02-26 16:54:00,Store,
331,294,,2024-09-18 21:06:00,Online,
332,294,1.0,2024-04-28 12:47:00,Store,
333,187,2.0,2024-09-07 09:30:00,Store,
334,215,2.0,2024-07-02 09:35:00,Store,2.0
335,191,1.0,2024-10-04 10:36:00,Store,
336,265,,2024-07-02 12:51:00,Online,
337,87,,2024-03-11 16:55:00,Online,1.0
338,189,5.0,2025-07-20 16:00:00,Store,
339,189,4.0,2025-09-29 12:29:00,Store,
340,280,,2024-07-19 20:57:00,Online,2.0
341,278,1.0,2025-02-23 09:14:00,Store,
342,193,,2024-12-09 09:48:00,Online,
343,272,,2024-11-10 10:13:00,Online,
344,73,,2025-03-05 16:03:00,Online,5.0
345,191,1.0,2025-06-16 15:44:00,Store,
346,69,4.0,2025-08-17 10:32:00,Store,
347,17,2.0,2024-03-17 18:36:00,Store,1.0
348,168,3.0,2024-11-18 21:25:00,Store,
349,70,,2024-08-27 10:12:00,Online,
350,55,4.0,2025-08-21 10:09:00,Store,
351,275,2.0,2024-11-17 15:07:00,Store,
352,136,,2025-04-07 13:29:00,Online,
353,215,5.0,2024-04-02 11:51:00,Store,
354,116,2.0,2024-02-11 12:53:00,Store,
355,26,,2024-12-30 15:32:00,Online,4.0
356,170,5.0,2024-02-01 15:54:00,Store,
357,53,,2024-09-12 10:29:00,Online,
358,35,,2024-05-23 10:00:00,Online,
359,206,1.0,2024-08-15 11:12:00,Store,
360,39,1.0,2025-08-19 18:16:00,Store,
361,66,3.0,2024-07-21 19:28:00,Store,2.0
362,197,4.0,2024-02-21 11:59:00,Store,
363,219,2.0,2025-05-23 09:24:00,Store,
364,229,,2024-07-10 13:17:00,Online,2.0
365,211,,2025-10-24 13:31:00,Online,
366,144,4.0,2025-05-05 09:05:00,Store,
367,270,5.0,2024-07-23 19:56:00,Store,
368,184,4.0,2025-01-26 21:45:00,Store,
369,165,2.0,2024-12-18 18:32:00,Store,4.0
370,102,4.0,2024-01-31 21:49:00,Store,
371,300,,2025-06-26 14:49:00,Online,
372,130,1.0,2024-06-12 10:15:00,Store,
373,199,2.0,2024-08-12 18:54:00,Store,
374,164,,2024-06-29 12:37:00,Online,
375,15,,2025-12-15 14:58:00,Online,8.0
376,253,2.0,2025-07-30 12:53:00,Store,6.0
377,71,4.0,2024-02-27 12:38:00,Store,
378,234,2.0,2024-01-01 14:58:00,Store,
379,166,2.0,2024-12-14 20:11:00,Store,
380,289,,2024-05-25 21:07:00,Online,
381,217,1.0,2024-03-15 14:45:00,Store,1.0
382,244,,2024-05-19 11:46:00,Online,
383,90,,2025-05-13 19:20:00,Online,
384,183,5.0,2025-07-29 20:56:00,Store,
385,151,1.0,2025-01-22 13:46:00,Store,
386,291,5.0,2025-12-19 18:25:00,Store,8.0
387,255,1.0,2025-10-16 18:06:00,Store,
388,86,1.0,2024-08-31 14:20:00,Store,
389,172,3.0,2025-12-26 19:40:00,Store,8.0
390,56,,2024-12-24 13:50:00,Online,4.0
391,212,4.0,2025-03-05 11:56:00,Store,5.0
392,132,1.0,2024-04-13 16:50:00,Store,
393,116,1.0,2024-02-04 13:01:00,Store,
394,282,1.0,2024-03-16 14:10:00,Store,1.0
395,248,,2024-12-12 18:39:00,Online,4.0
396,28,2.0,2025-09-13 15:10:00,Store,
397,284,,2024-07-13 15:44:00,Online,
398,153,1.0,2024-09-28 19:18:00,Store,
399,252,3.0,2025-02-06 18:35:00,Store,
400,114,,2024-01-04 15:05:00,Online,
401,103,2.0,2025-10-02 18:30:00,Store,
402,44,1.0,2024-06-23 19:18:00,Store,
403,242,3.0,2024-11-11 21:25:00,Store,
404,114,4.0,2024-04-03 19:34:00,Store,
405,23,4.0,2025-01-13 11:28:00,Store,
406,138,2.0,2024-09-26 12:53:00,Store,
407,44,,2025-12-14 19:06:00,Online,
408,117,4.0,2025-02-27 21:37:00,Store,
409,244,2.0,2025-06-19 15:34:00,Store,
410,203,,2025-05-02 13:05:00,Online,
411,189,,2024-02-05 17:36:00,Online,
412,62,,2025-11-24 18:09:00,Online,7.0
413,65,1.0,2024-08-04 21:12:00,Store,
414,76,,2025-11-30 15:12:00,Online,7.0
415,117,3.0,2024-03-30 15:35:00,Store,1.0
416,268,,2025-12-18 18:37:00,Online,8.0
417,57,,2024-05-31 18:37:00,Online,
418,147,,2025-07-30 21:06:00,Online,
419,249,4.0,2025-02-24 13:24:00,Store,
420,151,5.0,2024-02-08 11:17:00,Store,
421,20,3.0,2025-11-28 20:25:00,Store,
422,87,,2024-02-20 20:30:00,Online,
423,291,3.0,2024-01-21 14:52:00,Store,
424,51,,2025-05-18 20:43:00,Online,
425,227,,2024-08-21 11:19:00,Online,
426,214,1.0,2024-11-24 13:46:00,Store,3.0
427,265,,2025-02-20 20:31:00,Online,
428,52,5.0,2024-02-27 17:50:00,Store,
429,269,,2025-02-17 11:49:00,Online,
430,71,,2024-01-30 11:12:00,Online,
431,26,,2024-09-12 09:29:00,Online,
432,189,,2025-12-22 12:17:00,Online,8.0
433,191,4.0,2025-11-28 09:15:00,Store,7.0
434,177,3.0,2025-08-23 17:22:00,Store,
435,15,2.0,2025-12-06 10:18:00,Store,
436,114,2.0,2025-08-08 21:13:00,Store,
437,263,1.0,2024-10-02 19:26:00,Store,
438,89,1.0,2025-04-30 11:41:00,Store,
439,157,,2024-08-17 13:38:00,Online,
440,217,,2025-12-27 19:17:00,Online,
441,239,5.0,2025-04-15 13:13:00,Store,
442,53,3.0,2025-09-30 15:37:00,Store,
443,145,1.0,2025-07-28 19:38:00,Store,6.0
444,142,3.0,2024-10-10 19:20:00,Store,
445,124,,2024-07-11 11:33:00,Online,
446,164,,2025-09-06 15:42:00,Online,
447,108,4.0,2024-01-27 19:31:00,Store,
448,19,5.0,2025-02-18 15:47:00,Store,
449,114,,2024-07-13 14:46:00,Online,
450,260,2.0,2025-05-02 19:22:00,Store,
451,151,2.0,2025-11-04 17:11:00,Store,
452,287,,2024-09-21 20:51:00,Online,
453,172,,2024-07-06 19:57:00,Online,2.0
454,170,5.0,2024-11-10 15:50:00,Store,
455,61,5.0,2024-10-28 16:54:00,Store,
456,242,,2025-08-17 18:04:00,Online,
457,196,4.0,2025-05-27 10:55:00,Store,
458,66,5.0,2024-02-25 11:08:00,Store,
459,93,,2025-04-13 11:20:00,Online,
460,91,1.0,2025-05-14 14:40:00,Store,
461,75,,2024-01-05 16:17:00,Online,
462,84,1.0,2024-06-21 18:48:00,Store,
463,241,4.0,2024-05-12 18:27:00,Store,
464,274,3.0,2025-01-27 09:02:00,Store,
465,198,1.0,2024-01-15 14:48:00,Store,
466,116,,2025-10-03 20:15:00,Online,
467,53,5.0,2024-12-18 13:08:00,Store,4.0
468,161,,2024-02-16 13:18:00,Online,
469,223,,2025-09-02 17:21:00,Online,
470,273,2.0,2024-05-17 14:57:00,Store,
471,10,2.0,2024-06-17 21:25:00,Store,
472,259,3.0,2024-08-04 20:01:00,Store,
473,20,3.0,2025-12-29 19:50:00,Store,
474,25,,2025-09-30 09:38:00,Online,
475,60,4.0,2025-10-31 09:03:00,Store,
476,271,,2024-05-06 17:16:00,Online,
477,5,1.0,2024-07-29 20:43:00,Store,
478,71,1.0,2024-10-03 18:38:00,Store,
479,61,1.0,2025-06-07 20:39:00,Store,
480,103,,2025-05-24 12:38:00,Online,
481,210,1.0,2025-06-19 12:22:00,Store,
482,107,,2025-07-15 16:58:00,Online,6.0
483,31,,2024-01-03 09:42:00,Online,
484,77,,2025-08-10 19:31:00,Online,
485,52,,2025-06-07 10:46:00,Online,
486,152,1.0,2025-10-21 12:29:00,Store,
487,22,,2024-04-12 11:55:00,Online,
488,161,1.0,2025-01-03 21:43:00,Store,
489,12,2.0,2024-04-07 21:56:00,Store,
490,169,4.0,2025-11-10 19:10:00,Store,
491,48,3.0,2025-09-28 13:56:00,Store,
492,205,,2024-07-06 10:25:00,Online,2.0
493,216,2.0,2025-12-07 16:51:00,Store,
494,34,,2024-04-25 11:44:00,Online,
495,258,,2024-06-12 10:26:00,Online,
496,195,,2025-11-25 16:11:00,Online,
497,67,4.0,2025-12-01 20:57:00,Store,
498,25,3.0,2024-04-25 15:28:00,Store,
499,254,5.0,2024-01-13 20:55:00,Store,
500,174,5.0,2025-08-01 12:42:00,Store,
501,225,3.0,2024-04-07 15:42:00,Store,
502,198,5.0,2025-11-10 19:41:00,Store,
503,81,4.0,2025-09-19 09:00:00,Store,
504,252,3.0,2025-05-22 11:04:00,Store,
505,115,4.0,2024-10-11 09:32:00,Store,
506,236,5.0,2025-02-16 12:05:00,Store,
507,256,1.0,2025-04-03 10:54:00,Store,
508,10,4.0,2025-05-24 20:41:00,Store,
509,1,,2024-02-06 17:35:00,Online,
510,156,,2025-09-10 18:40:00,Online,
511,234,,2025-07-29 12:41:00,Online,6.0
512,287,,2024-08-16 16:21:00,Online,
513,187,,2025-09-06 16:45:00,Online,
514,127,3.0,2024-04-26 10:48:00,Store,
515,281,1.0,2025-10-10 21:18:00,Store,
516,44,,2024-02-16 11:31:00,Online,
517,101,4.0,2025-02-23 10:16:00,Store,
518,98,,2024-08-08 16:52:00,Online,
519,25,,2024-04-20 21:26:00,Online,
520,231,5.0,2025-11-19 18:07:00,Store,
521,3,1.0,2025-05-31 11:31:00,Store,
522,300,5.0,2025-07-20 15:53:00,Store,
523,89,,2024-06-30 20:37:00,Online,
524,182,4.0,2024-05-11 10:24:00,Store,
525,128,3.0,2025-03-04 18:58:00,Store,
526,71,5.0,2025-04-08 21:08:00,Store,
527,161,,2024-11-02 20:35:00,Online,
528,103,3.0,2025-07-20 19:13:00,Store,
529,92,3.0,2025-11-19 11:45:00,Store,
530,181,5.0,2025-12-28 10:48:00,Store,
531,274,4.0,2025-11-14 20:26:00,Store,
532,7,1.0,2024-01-14 17:06:00,Store,
533,137,,2025-11-17 09:12:00,Online,
534,134,1.0,2024-06-13 13:43:00,Store,
535,105,,2025-12-08 21:18:00,Online,
536,170,5.0,2024-02-03 14:52:00,Store,
537,288,5.0,2024-08-17 20:41:00,Store,
538,25,,2025-12-13 13:44:00,Online,8.0
539,129,4.0,2025-07-19 09:00:00,Store,
540,189,,2025-10-10 20:45:00,Online,
541,101,,2025-07-13 20:38:00,Online,
542,39,2.0,2024-10-28 16:11:00,Store,
543,21,5.0,2025-06-10 10:24:00,Store,
544,300,,2024-09-27 11:10:00,Online,
545,267,,2024-01-06 14:29:00,Online,
546,115,5.0,2024-02-10 11:59:00,Store,
547,294,1.0,2025-11-08 13:31:00,Store,
548,113,,2025-12-25 14:33:00,Online,8.0
549,207,2.0,2025-03-01 17:34:00,Store,
550,185,5.0,2025-11-10 14:21:00,Store,
551,5,3.0,2025-06-27 16:35:00,Store,
552,125,,2025-04-01 12:57:00,Online,
553,59,5.0,2025-11-29 14:24:00,Store,
554,282,5.0,2024-01-26 17:52:00,Store,
555,152,,2025-04-01 16:02:00,Online,
556,43,,2024-07-16 14:32:00,Online,2.0
557,110,,2025-10-03 10:13:00,Online,
558,276,,2025-03-10 10:13:00,Online,
559,37,,2025-03-21 19:52:00,Online,5.0
560,38,3.0,2024-12-05 09:05:00,Store,
561,117,,2025-07-25 10:36:00,Online,6.0
562,162,1.0,2025-10-07 15:27:00,Store,
563,33,,2025-07-01 09:41:00,Online,
564,258,3.0,2025-12-18 10:22:00,Store,
565,225,1.0,2024-10-15 21:59:00,Store,
566,113,4.0,2025-04-30 11:34:00,Store,
567,74,3.0,2025-07-12 13:40:00,Store,
568,215,1.0,2024-01-12 17:55:00,Store,
569,156,1.0,2024-01-06 18:38:00,Store,
570,177,5.0,2024-11-08 12:47:00,Store,
571,124,3.0,2024-05-25 11:11:00,Store,
572,291,,2024-07-17 10:11:00,Online,
573,282,1.0,2025-07-16 16:41:00,Store,6.0
574,183,2.0,2025-08-17 16:21:00,Store,
575,42,,2024-04-12 13:39:00,Online,
576,169,3.0,2024-11-21 16:28:00,Store,
577,198,,2024-06-05 18:36:00,Online,
578,161,2.0,2025-03-14 11:00:00,Store,
579,185,3.0,2025-10-18 15:17:00,Store,
580,184,,2025-05-06 16:28:00,Online,
581,90,1.0,2025-05-13 17:06:00,Store,
582,276,1.0,2024-10-14 11:57:00,Store,
583,161,5.0,2024-03-18 09:54:00,Store,
584,19,5.0,2025-08-27 12:58:00,Store,
585,77,2.0,2025-07-06 16:41:00,Store,
586,149,5.0,2025-08-26 20:54:00,Store,
587,187,2.0,2025-06-06 10:25:00,Store,
588,264,2.0,2025-09-20 19:10:00,Store,
589,75,,2024-07-02 18:36:00,Online,2.0
590,173,3.0,2024-02-11 12:48:00,Store,
591,106,3.0,2025-01-13 12:02:00,Store,
592,233,,2025-02-01 16:58:00,Online,
593,33,,2024-02-10 19:20:00,Online,
594,141,,2025-06-17 19:53:00,Online,
595,292,4.0,2024-09-26 18:34:00,Store,
596,40,4.0,2025-01-09 18:41:00,Store,
597,181,,2024-08-16 17:25:00,Online,
598,247,,2024-12-19 16:50:00,Online,4.0
599,40,3.0,2025-03-26 11:14:00,Store,5.0
600,64,,2024-06-10 14:38:00,Online,
601,59,4.0,2025-02-28 21:21:00,Store,
602,83,4.0,2025-05-05 12:37:00,Store,
603,42,2.0,2024-01-23 12:02:00,Store,
604,21,,2024-05-17 19:32:00,Online,
605,143,,2024-05-30 09:10:00,Online,
606,289,3.0,2025-06-13 15:38:00,Store,
607,187,,2024-03-28 12:28:00,Online,
608,215,5.0,2024-06-23 12:53:00,Store,
609,262,3.0,2024-07-05 18:42:00,Store,
610,118,2.0,2025-09-02 18:04:00,Store,
611,295,,2024-04-21 09:12:00,Online,
612,98,5.0,2024-06-02 18:06:00,Store,
613,273,1.0,2025-09-06 09:56:00,Store,
614,40,,2024-04-05 16:42:00,Online,
615,221,3.0,2025-07-06 09:57:00,Store,
616,118,,2025-12-15 17:27:00,Online,8.0
617,295,2.0,2024-12-24 18:51:00,Store,4.0
618,274,3.0,2024-03-26 13:38:00,Store,1.0
619,267,2.0,2025-08-14 17:07:00,Store,
620,210,2.0,2025-12-05 21:20:00,Store,
621,130,5.0,2025-03-12 19:37:00,Store,5.0
622,204,,2025-09-18 13:43:00,Online,
623,286,3.0,2025-02-27 17:50:00,Store,
624,130,,2025-07-26 17:30:00,Online,
625,71,,2025-12-23 15:47:00,Online,
626,83,5.0,2024-08-23 16:50:00,Store,
627,282,1.0,2025-02-14 21:21:00,Store,
628,3,,2024-06-13 15:40:00,Online,
629,240,3.0,2024-05-28 16:59:00,Store,
630,20,,2024-08-15 14:05:00,Online,
631,267,5.0,2025-02-14 18:41:00,Store,
632,58,4.0,2024-02-28 21:52:00,Store,
633,249,,2024-01-11 12:54:00,Online,
634,18,,2025-06-14 13:12:00,Online,
635,119,1.0,2025-06-06 17:44:00,Store,
636,1,,2025-01-03 12:41:00,Online,
637,118,4.0,2024-03-29 13:49:00,Store,1.0
638,36,,2025-06-14 09:47:00,Online,
639,287,,2025-07-16 13:46:00,Online,6.0
640,233,,2024-08-19 18:12:00,Online,
641,90,1.0,2025-08-11 09:16:00,Store,
642,151,1.0,2025-07-26 10:32:00,Store,
643,295,4.0,2024-09-20 17:52:00,Store,
644,125,,2025-01-21 18:30:00,Online,
645,15,3.0,2025-04-14 19:29:00,Store,
646,254,,2024-03-10 15:40:00,Online,
647,212,,2024-08-23 21:20:00,Online,
648,135,1.0,2025-06-12 17:00:00,Store,
649,176,2.0,2025-02-12 19:47:00,Store,
650,112,,2025-05-02 14:22:00,Online,
651,98,2.0,2024-10-02 11:47:00,Store,
652,136,2.0,2024-08-28 20:15:00,Store,
653,80,,2024-09-12 18:22:00,Online,
654,284,5.0,2024-05-02 10:43:00,Store,
655,221,5.0,2024-02-13 16:23:00,Store,
656,262,2.0,2024-10-08 16:11:00,Store,
657,270,,2025-08-13 11:03:00,Online,
658,258,2.0,2025-05-04 17:02:00,Store,
659,266,1.0,2025-04-13 10:44:00,Store,
660,150,3.0,2024-01-13 19:13:00,Store,
661,133,3.0,2025-01-05 18:55:00,Store,
662,176,4.0,2024-08-30 13:30:00,Store,
663,191,4.0,2025-03-10 12:26:00,Store,5.0
664,118,,2025-08-08 11:36:00,Online,
665,285,4.0,2024-10-03 21:15:00,Store,
666,77,1.0,2024-07-19 11:51:00,Store,2.0
667,297,,2024-05-17 19:33:00,Online,
668,288,,2025-05-13 13:16:00,Online,
669,241,2.0,2024-02-18 15:06:00,Store,
670,50,3.0,2024-09-17 16:53:00,Store,
671,287,3.0,2024-09-23 14:23:00,Store,
672,63,5.0,2024-12-18 09:26:00,Store,4.0
673,262,4.0,2024-10-18 14:20:00,Store,
674,85,2.0,2024-03-21 15:39:00,Store,
675,173,5.0,2025-10-17 21:59:00,Store,
676,37,3.0,2025-08-08 15:54:00,Store,
677,150,,2024-08-21 14:20:00,Online,
678,139,,2025-09-11 19:25:00,Online,
679,267,,2025-01-06 20:37:00,Online,
680,12,2.0,2025-02-27 11:11:00,Store,
681,41,4.0,2025-11-08 13:47:00,Store,
682,282,1.0,2024-04-15 10:04:00,Store,
683,43,5.0,2025-02-10 17:48:00,Store,
684,210,2.0,2024-06-08 10:41:00,Store,
685,65,2.0,2024-10-17 16:40:00,Store,
686,134,,2024-01-30 09:42:00,Online,
687,277,,2024-11-29 16:29:00,Online,3.0
688,234,5.0,2025-12-15 17:11:00,Store,8.0
689,117,,2024-12-21 16:34:00,Online,4.0
690,156,5.0,2025-02-26 13:09:00,Store,
691,261,4.0,2024-05-19 14:18:00,Store,
692,221,,2025-05-03 13:00:00,Online,
693,4,2.0,2025-09-03 12:50:00,Store,
694,203,4.0,2025-02-25 17:27:00,Store,
695,41,2.0,2025-01-22 12:16:00,Store,
696,140,5.0,2025-06-13 21:51:00,Store,
697,36,3.0,2024-10-02 15:12:00,Store,
698,263,5.0,2024-04-23 19:29:00,Store,
699,10,5.0,2025-05-18 12:20:00,Store,
700,103,4.0,2024-01-23 11:06:00,Store,
701,54,2.0,2024-01-09 12:05:00,Store,
702,256,,2024-12-16 15:19:00,Online,4.0
703,75,4.0,2024-12-04 10:53:00,Store,
704,58,3.0,2024-03-14 17:30:00,Store,
705,263,4.0,2024-01-13 10:49:00,Store,
706,102,1.0,2024-09-10 20:02:00,Store,
707,243,3.0,2025-06-17 19:13:00,Store,
708,22,,2024-11-26 11:40:00,Online,3.0
709,153,1.0,2024-09-16 16:40:00,Store,
710,121,3.0,2025-11-13 12:07:00,Store,
711,100,4.0,2024-01-16 11:50:00,Store,
712,298,,2024-09-05 09:02:00,Online,
713,80,1.0,2025-05-01 20:38:00,Store,
714,47,,2024-09-11 11:31:00,Online,
715,31,2.0,2024-12-12 21:40:00,Store,
716,135,5.0,2024-04-19 11:31:00,Store,
717,225,,2025-10-22 21:22:00,Online,
718,134,,2024-01-22 20:24:00,Online,
719,225,5.0,2024-09-13 09:31:00,Store,
720,291,3.0,2025-12-14 16:12:00,Store,8.0
721,284,5.0,2024-10-08 18:58:00,Store,
722,141,4.0,2024-06-07 16:18:00,Store,
723,196,2.0,2024-01-01 21:40:00,Store,
724,136,,2024-01-20 18:54:00,Online,
725,33,,2024-09-01 14:46:00,Online,
726,269,,2025-07-05 15:12:00,Online,
727,175,3.0,2024-06-06 18:18:00,Store,
728,40,2.0,2024-04-23 10:33:00,Store,
729,55,1.0,2024-07-01 09:12:00,Store,2.0
730,132,2.0,2025-11-04 16:33:00,Store,
731,7,,2025-09-12 20:04:00,Online,
732,41,1.0,2024-08-01 19:31:00,Store,
733,213,,2025-01-04 17:47:00,Online,
734,137,1.0,2025-12-26 09:52:00,Store,
735,29,2.0,2024-03-20 12:33:00,Store,1.0
736,128,2.0,2024-07-16 17:42:00,Store,
737,55,,2025-07-25 15:47:00,Online,
738,219,,2025-11-21 16:44:00,Online,7.0
739,173,,2025-07-17 15:32:00,Online,6.0
740,167,,2024-12-26 14:35:00,Online,4.0
741,289,4.0,2024-11-27 18:15:00,Store,
742,230,,2024-09-17 14:28:00,Online,
743,108,5.0,2024-01-01 20:02:00,Store,
744,168,,2024-05-18 13:00:00,Online,
745,142,,2024-08-07 14:01:00,Online,
746,293,1.0,2025-06-07 17:36:00,Store,
747,71,5.0,2025-04-16 14:09:00,Store,
748,154,4.0,2024-09-12 12:16:00,Store,
749,40,,2025-08-05 12:46:00,Online,
750,296,,2025-05-09 11:31:00,Online,
751,86,5.0,2024-04-07 18:41:00,Store,
752,29,,2025-01-25 10:49:00,Online,
753,223,1.0,2024-12-08 14:56:00,Store,
754,6,4.0,2024-08-20 20:41:00,Store,
755,11,5.0,2024-02-25 13:33:00,Store,
756,123,4.0,2024-06-02 14:32:00,Store,
757,295,2.0,2025-04-01 21:38:00,Store,
758,202,3.0,2025-03-18 13:50:00,Store,5.0
759,44,4.0,2025-07-15 15:16:00,Store,
760,269,4.0,2024-05-13 21:08:00,Store,
761,101,5.0,2025-02-08 19:36:00,Store,
762,137,,2024-09-09 12:04:00,Online,
763,295,4.0,2024-11-27 19:59:00,Store,3.0
764,13,,2024-07-14 14:22:00,Online,2.0
765,75,2.0,2025-09-23 21:28:00,Store,
766,80,,2024-07-23 19:23:00,Online,
767,139,,2024-04-25 20:03:00,Online,
768,189,,2024-05-31 13:00:00,Online,
769,275,2.0,2024-04-23 13:28:00,Store,
770,280,3.0,2025-07-04 12:13:00,Store,6.0
771,10,5.0,2025-12-12 20:42:00,Store,8.0
772,260,,2024-03-02 13:12:00,Online,1.0
773,199,,2025-11-01 09:04:00,Online,
774,56,4.0,2025-11-09 19:23:00,Store,
775,51,,2024-08-24 15:32:00,Online,
776,46,5.0,2025-05-11 18:34:00,Store,
777,12,5.0,2025-04-13 17:59:00,Store,
778,202,,2024-11-08 14:31:00,Online,
779,133,3.0,2024-01-19 14:43:00,Store,
780,32,4.0,2024-08-29 17:17:00,Store,
781,79,4.0,2024-01-31 17:17:00,Store,
782,196,5.0,2025-11-03 11:05:00,Store,
783,214,2.0,2025-10-02 19:14:00,Store,
784,169,2.0,2025-03-12 13:58:00,Store,5.0
785,104,,2025-08-17 17:43:00,Online,
786,269,,2024-11-12 20:45:00,Online,
787,290,,2025-03-16 21:09:00,Online,5.0
788,75,,2024-07-07 14:53:00,Online,
789,227,,2025-02-27 15:19:00,Online,
790,78,,2025-10-14 20:17:00,Online,
791,14,,2024-04-19 11:11:00,Online,
792,291,5.0,2025-09-18 18:17:00,Store,
793,14,4.0,2024-08-25 12:43:00,Store,
794,261,,2024-05-17 17:54:00,Online,
795,199,2.0,2025-01-17 11:54:00,Store,
796,17,1.0,2024-06-16 12:14:00,Store,
797,104,,2024-10-03 15:14:00,Online,
798,140,,2024-03-08 11:59:00,Online,1.0
799,208,,2025-04-13 12:27:00,Online,
800,195,,2025-09-14 20:52:00,Online,
801,293,5.0,2025-02-07 18:47:00,Store,
802,20,4.0,2025-10-18 20:50:00,Store,
803,126,4.0,2025-04-12 09:56:00,Store,
804,184,,2024-02-10 17:24:00,Online,
805,152,3.0,2024-02-20 12:18:00,Store,
806,217,1.0,2024-10-19 16:10:00,Store,
807,73,4.0,2025-12-07 17:57:00,Store,
808,33,5.0,2024-04-02 20:32:00,Store,
809,202,4.0,2025-12-13 17:08:00,Store,8.0
810,104,,2025-08-27 20:57:00,Online,
811,217,2.0,2024-04-02 13:20:00,Store,
812,257,1.0,2024-05-06 10:07:00,Store,
813,262,2.0,2025-06-20 20:24:00,Store,
814,23,,2025-01-22 17:24:00,Online,
815,77,2.0,2024-12-09 18:55:00,Store,
816,27,3.0,2024-07-02 21:45:00,Store,
817,93,2.0,2025-04-01 13:40:00,Store,
818,130,4.0,2024-07-26 09:39:00,Store,
819,253,5.0,2025-07-10 21:00:00,Store,
820,41,1.0,2025-04-09 15:28:00,Store,
821,286,,2024-09-07 17:17:00,Online,
822,76,3.0,2024-07-31 09:11:00,Store,2.0
823,153,1.0,2025-11-14 18:53:00,Store,
824,60,3.0,2024-02-20 10:26:00,Store,
825,294,,2025-09-17 19:44:00,Online,
826,297,1.0,2024-06-30 16:47:00,Store,
827,93,4.0,2024-04-05 21:19:00,Store,
828,269,3.0,2024-03-10 21:27:00,Store,1.0
829,270,2.0,2025-12-12 13:21:00,Store,
830,293,,2025-09-18 09:06:00,Online,
831,248,,2025-10-06 17:05:00,Online,
832,148,3.0,2025-09-11 21:45:00,Store,
833,182,,2024-09-22 17:36:00,Online,
834,267,,2025-09-21 18:31:00,Online,
835,93,,2025-05-24 16:51:00,Online,
836,100,1.0,2024-08-26 20:18:00,Store,
837,61,,2025-04-21 19:50:00,Online,
838,213,3.0,2024-07-31 21:39:00,Store,2.0
839,258,1.0,2024-01-12 19:12:00,Store,
840,282,1.0,2024-11-11 13:32:00,Store,
841,198,5.0,2024-04-26 19:21:00,Store,
842,90,3.0,2025-09-22 09:53:00,Store,
843,243,,2025-11-19 16:58:00,Online,
844,80,5.0,2025-10-23 11:30:00,Store,
845,212,,2024-12-09 16:50:00,Online,
846,189,,2024-02-27 17:19:00,Online,
847,10,3.0,2024-11-19 17:34:00,Store,
848,144,,2024-12-28 10:09:00,Online,4.0
849,85,4.0,2025-10-03 17:53:00,Store,
850,158,,2024-07-10 18:07:00,Online,2.0
851,255,,2024-10-05 15:05:00,Online,
852,155,3.0,2025-01-15 16:53:00,Store,
853,20,,2024-06-28 10:23:00,Online,
854,7,,2024-04-04 16:32:00,Online,
855,175,,2025-05-27 11:12:00,Online,
856,168,1.0,2025-06-20 13:49:00,Store,
857,106,,2025-06-12 19:08:00,Online,
858,268,3.0,2025-04-15 15:45:00,Store,
859,214,,2024-02-15 19:54:00,Online,
860,24,3.0,2024-12-07 16:56:00,Store,
861,115,2.0,2024-01-24 18:48:00,Store,
862,147,3.0,2024-11-24 12:12:00,Store,
863,77,1.0,2025-11-18 10:17:00,Store,
864,192,5.0,2024-01-16 18:35:00,Store,
865,139,3.0,2024-12-24 17:20:00,Store,
866,177,1.0,2024-06-24 10:19:00,Store,
867,28,1.0,2024-05-13 09:30:00,Store,
868,55,,2024-03-29 15:25:00,Online,
869,229,3.0,2025-10-06 20:44:00,Store,
870,274,4.0,2024-12-06 12:45:00,Store,
871,240,3.0,2025-08-04 11:05:00,Store,
872,239,2.0,2025-12-01 19:45:00,Store,
873,202,3.0,2024-05-27 18:16:00,Store,
874,16,1.0,2024-11-28 16:31:00,Store,3.0
875,183,2.0,2024-06-23 13:49:00,Store,
876,55,1.0,2025-06-04 10:25:00,Store,
877,206,2.0,2024-11-05 17:29:00,Store,
878,82,,2025-09-27 12:35:00,Online,
879,107,,2025-01-28 10:21:00,Online,
880,223,3.0,2025-08-28 15:50:00,Store,
881,89,,2025-07-11 20:15:00,Online,6.0
882,268,1.0,2024-04-27 18:38:00,Store,
883,208,1.0,2025-03-31 11:19:00,Store,
884,195,1.0,2025-09-02 21:52:00,Store,
885,42,,2024-04-02 12:52:00,Online,
886,76,,2025-10-13 21:00:00,Online,
887,200,4.0,2025-04-08 17:18:00,Store,
888,163,3.0,2024-07-19 12:43:00,Store,
889,177,,2025-03-21 20:58:00,Online,
890,66,,2025-09-18 17:25:00,Online,
891,182,,2024-03-04 14:57:00,Online,1.0
892,16,5.0,2024-04-22 13:55:00,Store,
893,196,4.0,2025-02-07 19:20:00,Store,
894,89,2.0,2025-07-12 12:42:00,Store,
895,148,,2025-01-03 15:09:00,Online,
896,6,1.0,2025-11-17 11:08:00,Store,
897,268,,2024-05-27 20:56:00,Online,
898,233,,2024-05-19 10:08:00,Online,
899,218,4.0,2025-12-13 18:59:00,Store,8.0
900,96,1.0,2025-01-28 14:14:00,Store,
901,122,,2025-08-14 16:54:00,Online,
902,280,1.0,2024-10-02 15:59:00,Store,
903,254,5.0,2024-02-08 18:30:00,Store,
904,73,,2025-05-08 20:05:00,Online,
905,144,1.0,2025-06-23 21:49:00,Store,
906,126,1.0,2025-06-19 18:05:00,Store,
907,297,1.0,2025-12-01 19:34:00,Store,
908,6,5.0,2024-12-17 17:49:00,Store,
909,216,3.0,2025-08-10 20:21:00,Store,
910,156,,2024-10-23 11:02:00,Online,
911,243,5.0,2025-07-31 13:03:00,Store,6.0
912,249,5.0,2025-10-01 09:18:00,Store,
913,77,3.0,2024-03-19 21:17:00,Store,1.0
914,226,5.0,2024-01-15 20:07:00,Store,
915,202,,2024-06-03 19:28:00,Online,
916,121,5.0,2024-09-24 21:44:00,Store,
917,50,2.0,2024-02-03 14:05:00,Store,
918,197,4.0,2025-05-22 21:26:00,Store,
919,296,,2025-10-14 11:13:00,Online,
920,136,,2024-12-19 09:41:00,Online,4.0
921,155,5.0,2025-04-20 15:30:00,Store,
922,200,2.0,2024-08-27 15:43:00,Store,
923,148,,2025-06-27 15:00:00,Online,
924,162,,2025-04-04 15:43:00,Online,
925,273,4.0,2025-11-30 09:06:00,Store,
926,139,1.0,2025-10-29 13:21:00,Store,
927,201,2.0,2024-09-18 19:37:00,Store,
928,100,2.0,2025-11-19 18:49:00,Store,
929,5,,2024-11-16 17:00:00,Online,
930,199,4.0,2024-01-13 15:06:00,Store,
931,146,1.0,2024-12-25 12:46:00,Store,4.0
932,298,,2024-02-28 18:42:00,Online,
933,62,5.0,2025-09-05 19:07:00,Store,
934,103,,2024-05-13 15:42:00,Online,
935,151,1.0,2025-12-13 11:16:00,Store,
936,166,1.0,2024-10-10 21:27:00,Store,
937,196,1.0,2024-10-10 21:03:00,Store,
938,226,2.0,2024-09-21 13:11:00,Store,
939,252,5.0,2025-09-16 15:11:00,Store,
940,55,,2025-03-17 12:39:00,Online,
941,44,3.0,2024-04-15 09:04:00,Store,
942,255,1.0,2025-04-01 09:57:00,Store,
943,93,3.0,2024-02-08 19:24:00,Store,
944,264,,2025-02-04 18:00:00,Online,
945,207,,2025-05-17 16:27:00,Online,
946,1,4.0,2024-03-12 17:14:00,Store,1.0
947,206,1.0,2024-12-07 19:19:00,Store,
948,175,4.0,2025-01-09 17:54:00,Store,
949,91,4.0,2024-10-23 19:12:00,Store,
950,200,,2025-11-07 12:19:00,Online,
951,250,4.0,2025-10-07 20:22:00,Store,
952,99,5.0,2024-07-13 11:02:00,Store,2.0
953,218,5.0,2024-03-05 21:34:00,Store,
954,174,1.0,2025-04-05 09:02:00,Store,
955,268,5.0,2025-02-19 10:13:00,Store,
956,129,,2024-06-01 20:37:00,Online,
957,180,,2024-02-07 20:09:00,Online,
958,125,,2025-04-27 18:02:00,Online,
959,28,,2024-05-13 09:11:00,Online,
960,51,,2024-04-09 16:39:00,Online,
961,164,5.0,2024-03-06 10:07:00,Store,1.0
962,206,5.0,2025-03-12 14:51:00,Store,5.0
963,89,1.0,2024-08-06 21:02:00,Store,
964,213,3.0,2024-10-07 11:48:00,Store,
965,125,,2025-07-20 11:28:00,Online,6.0
966,81,4.0,2025-10-09 18:24:00,Store,
967,56,,2024-03-23 09:00:00,Online,
968,244,,2025-08-30 13:26:00,Online,
969,139,4.0,2024-07-30 11:40:00,Store,2.0
970,93,,2025-09-17 20:02:00,Online,
971,155,1.0,2025-09-18 10:40:00,Store,
972,61,,2025-07-25 12:12:00,Online,
973,277,4.0,2025-09-25 14:55:00,Store,
974,142,1.0,2025-10-03 19:13:00,Store,
975,258,2.0,2024-06-01 19:54:00,Store,
976,187,4.0,2025-11-17 09:03:00,Store,
977,233,1.0,2024-09-14 14:39:00,Store,
978,15,1.0,2025-07-04 11:10:00,Store,6.0
979,167,3.0,2025-03-31 18:37:00,Store,5.0
980,122,,2024-11-29 12:06:00,Online,
981,242,1.0,2025-01-19 12:04:00,Store,
982,233,3.0,2025-03-22 11:13:00,Store,5.0
983,104,1.0,2025-10-09 14:17:00,Store,
984,144,4.0,2025-12-09 18:03:00,Store,
985,176,3.0,2025-04-14 15:10:00,Store,
986,88,5.0,2025-09-10 11:50:00,Store,
987,268,2.0,2024-08-23 10:26:00,Store,
988,237,4.0,2025-08-28 16:53:00,Store,
989,223,5.0,2024-09-09 12:20:00,Store,
990,3,1.0,2024-06-01 18:57:00,Store,
991,267,4.0,2024-02-11 16:46:00,Store,
992,51,2.0,2025-06-27 15:30:00,Store,
993,4,,2024-03-26 17:48:00,Online,1.0
994,133,1.0,2024-05-15 14:18:00,Store,
995,114,4.0,2024-01-17 16:42:00,Store,
996,13,,2025-08-07 20:37:00,Online,
997,208,3.0,2025-04-19 21:08:00,Store,
998,1,,2025-10-03 16:45:00,Online,
999,225,1.0,2024-03-13 15:57:00,Store,1.0
1000,295,,2025-12-15 18:34:00,Online,
1001,99,,2024-03-23 18:56:00,Online,1.0
1002,124,1.0,2024-02-22 10:24:00,Store,
1003,287,,2025-01-09 14:11:00,Online,
1004,105,3.0,2025-07-28 20:49:00,Store,6.0
1005,298,,2025-10-26 16:47:00,Online,
1006,116,3.0,2025-12-20 12:48:00,Store,8.0
1007,191,4.0,2024-10-10 09:04:00,Store,
1008,63,5.0,2025-05-28 17:53:00,Store,
1009,150,3.0,2025-11-25 17:57:00,Store,
1010,34,4.0,2025-12-10 21:56:00,Store,8.0
1011,56,1.0,2024-07-02 13:04:00,Store,
1012,105,1.0,2025-05-23 11:55:00,Store,
1013,278,,2024-10-27 15:43:00,Online,
1014,228,,2025-04-30 14:26:00,Online,
1015,18,2.0,2024-01-22 13:12:00,Store,
1016,211,3.0,2025-06-16 19:21:00,Store,
1017,272,,2025-05-12 18:42:00,Online,
1018,291,3.0,2025-03-31 16:19:00,Store,5.0
1019,148,,2024-08-20 16:23:00,Online,
1020,93,2.0,2024-02-18 11:22:00,Store,
1021,275,2.0,2025-09-25 11:45:00,Store,
1022,79,1.0,2025-12-26 20:57:00,Store,8.0
1023,134,2.0,2025-08-11 11:28:00,Store,
1024,163,,2025-07-29 20:02:00,Online,6.0
1025,155,1.0,2025-07-06 11:34:00,Store,6.0
1026,177,5.0,2024-05-28 16:59:00,Store,
1027,152,3.0,2025-06-03 14:41:00,Store,
1028,290,,2025-08-10 19:09:00,Online,
1029,58,,2025-03-28 14:44:00,Online,
1030,66,4.0,2024-05-22 19:35:00,Store,
1031,183,1.0,2025-09-24 12:28:00,Store,
1032,299,3.0,2025-09-14 19:12:00,Store,
1033,276,,2024-07-19 09:05:00,Online,
1034,60,5.0,2024-03-30 17:25:00,Store,
1035,132,4.0,2024-02-27 19:23:00,Store,
1036,7,3.0,2025-01-13 15:23:00,Store,
1037,288,4.0,2024-11-11 16:55:00,Store,
1038,148,4.0,2025-03-01 21:28:00,Store,
1039,45,3.0,2025-02-28 11:53:00,Store,
1040,34,,2025-05-01 17:21:00,Online,
1041,46,3.0,2025-08-27 21:24:00,Store,
1042,237,,2025-02-28 11:35:00,Online,
1043,216,4.0,2024-05-20 12:11:00,Store,
1044,210,5.0,2024-02-13 13:53:00,Store,
1045,2,3.0,2025-04-19 12:01:00,Store,
1046,64,,2025-10-17 19:30:00,Online,
1047,252,,2024-10-21 15:11:00,Online,
1048,62,,2025-10-22 12:01:00,Online,
1049,186,5.0,2025-05-19 10:38:00,Store,
1050,244,,2025-03-22 13:40:00,Online,
1051,295,3.0,2025-01-17 17:46:00,Store,
1052,77,2.0,2024-06-15 18:03:00,Store,
1053,140,3.0,2024-12-31 11:03:00,Store,4.0
1054,40,2.0,2025-06-26 19:59:00,Store,
1055,50,3.0,2024-04-06 18:48:00,Store,
1056,139,,2025-12-02 21:19:00,Online,
1057,274,2.0,2025-12-05 14:06:00,Store,
1058,104,4.0,2024-01-14 11:33:00,Store,
1059,84,2.0,2025-02-25 14:58:00,Store,
1060,97,,2025-05-30 12:53:00,Online,
1061,270,,2025-07-26 18:44:00,Online,
1062,59,1.0,2025-12-20 21:51:00,Store,8.0
1063,115,,2024-01-18 16:22:00,Online,
1064,288,,2024-05-22 16:56:00,Online,
1065,156,1.0,2024-12-16 11:45:00,Store,4.0
1066,65,1.0,2025-12-05 12:19:00,Store,
1067,58,4.0,2025-03-11 20:48:00,Store,
1068,9,,2024-02-13 12:06:00,Online,
1069,241,3.0,2025-06-09 18:03:00,Store,
1070,234,1.0,2024-02-14 10:19:00,Store,
1071,115,3.0,2024-05-06 18:13:00,Store,
1072,271,,2024-01-30 10:09:00,Online,
1073,83,,2025-08-16 14:22:00,Online,
1074,292,5.0,2025-09-19 12:32:00,Store,
1075,262,3.0,2024-01-15 17:13:00,Store,
1076,3,,2024-06-24 21:34:00,Online,
1077,284,5.0,2024-04-11 12:58:00,Store,
1078,55,3.0,2024-07-08 16:43:00,Store,
1079,117,3.0,2025-03-10 12:32:00,Store,5.0
1080,185,,2025-06-16 11:31:00,Online,
1081,43,1.0,2025-07-24 20:02:00,Store,6.0
1082,228,4.0,2025-09-06 20:19:00,Store,
1083,36,,2024-10-24 15:12:00,Online,
1084,92,4.0,2025-05-02 19:23:00,Store,
1085,225,1.0,2025-11-19 10:25:00,Store,
1086,233,,2024-05-02 11:25:00,Online,
1087,98,2.0,2024-04-14 20:59:00,Store,
1088,207,4.0,2024-12-12 12:38:00,Store,
1089,298,4.0,2024-10-12 21:45:00,Store,
1090,208,,2024-12-30 16:42:00,Online,4.0
1091,129,2.0,2025-04-10 10:07:00,Store,
1092,51,,2025-10-05 11:01:00,Online,
1093,7,,2024-03-10 16:43:00,Online,1.0
1094,53,,2024-06-05 13:39:00,Online,
1095,253,,2025-11-07 21:33:00,Online,
1096,255,3.0,2024-07-25 13:42:00,Store,2.0
1097,40,3.0,2024-02-02 15:56:00,Store,
1098,19,5.0,2025-01-20 16:29:00,Store,
1099,85,2.0,2025-11-06 21:19:00,Store,
1100,250,,2024-11-15 20:24:00,Online,
1101,284,,2025-08-05 19:31:00,Online,
1102,288,,2025-08-08 16:30:00,Online,
1103,135,4.0,2025-06-02 09:25:00,Store,
1104,146,1.0,2025-09-23 19:22:00,Store,
1105,188,5.0,2025-08-27 09:08:00,Store,
1106,232,1.0,2024-01-28 21:57:00,Store,
1107,211,2.0,2025-03-14 14:22:00,Store,5.0
1108,34,,2025-08-29 10:58:00,Online,
1109,11,1.0,2024-04-27 14:10:00,Store,
1110,217,4.0,2025-04-16 19:55:00,Store,
1111,241,3.0,2024-09-30 09:44:00,Store,
1112,166,4.0,2025-01-21 18:24:00,Store,
1113,120,5.0,2024-04-12 20:43:00,Store,
1114,154,4.0,2025-11-14 14:10:00,Store,
1115,39,,2024-07-25 16:40:00,Online,2.0
1116,294,2.0,2024-09-28 09:19:00,Store,
1117,297,3.0,2025-10-01 20:05:00,Store,
1118,272,2.0,2024-10-06 10:36:00,Store,
1119,155,3.0,2024-12-21 21:04:00,Store,4.0
1120,129,4.0,2024-07-23 15:25:00,Store,
1121,10,5.0,2025-07-14 11:56:00,Store,
1122,240,5.0,2025-08-13 16:13:00,Store,
1123,223,,2025-09-21 21:58:00,Online,
1124,103,2.0,2025-10-03 09:33:00,Store,
1125,154,,2024-09-03 11:47:00,Online,
1126,33,4.0,2025-02-24 14:55:00,Store,
1127,83,5.0,2024-09-30 13:41:00,Store,
1128,59,1.0,2024-08-29 15:15:00,Store,
1129,159,5.0,2024-09-08 21:52:00,Store,
1130,19,3.0,2025-03-22 15:41:00,Store,5.0
1131,91,1.0,2024-10-11 19:35:00,Store,
1132,29,,2025-05-12 21:01:00,Online,
1133,88,,2024-03-26 14:38:00,Online,
1134,47,2.0,2025-02-20 14:42:00,Store,
1135,257,,2024-08-29 10:36:00,Online,
1136,298,,2025-06-18 19:53:00,Online,
1137,47,1.0,2025-06-21 13:31:00,Store,
1138,300,,2024-11-16 14:53:00,Online,
1139,74,2.0,2024-08-29 15:13:00,Store,
1140,131,,2024-10-08 16:26:00,Online,
1141,124,,2024-02-27 16:34:00,Online,
1142,247,2.0,2024-04-25 14:34:00,Store,
1143,75,3.0,2024-10-11 21:59:00,Store,
1144,18,,2024-11-11 09:41:00,Online,
1145,123,4.0,2025-11-09 21:03:00,Store,
1146,186,,2024-11-12 19:44:00,Online,
1147,122,,2025-12-02 10:34:00,Online,
1148,202,,2025-02-01 09:58:00,Online,
1149,121,2.0,2024-09-18 13:05:00,Store,
1150,209,,2025-03-25 19:20:00,Online,5.0
1151,212,,2025-05-18 16:47:00,Online,
1152,52,,2024-12-06 20:27:00,Online,
1153,34,5.0,2025-12-16 13:32:00,Store,
1154,233,,2025-07-14 20:20:00,Online,
1155,228,,2025-10-18 19:11:00,Online,
1156,113,3.0,2024-05-19 09:25:00,Store,
1157,81,2.0,2025-08-12 10:07:00,Store,
1158,164,2.0,2025-08-31 19:26:00,Store,
1159,168,,2024-09-23 11:43:00,Online,
1160,189,4.0,2024-07-22 10:26:00,Store,
1161,12,,2025-08-07 12:01:00,Online,
1162,118,,2025-10-24 18:40:00,Online,
1163,87,5.0,2025-04-18 12:16:00,Store,
1164,77,3.0,2025-03-15 18:16:00,Store,5.0
1165,166,,2024-01-15 20:33:00,Online,
1166,61,2.0,2025-04-09 19:31:00,Store,
1167,148,,2024-07-14 21:17:00,Online,2.0
1168,145,,2024-07-30 18:13:00,Online,2.0
1169,15,3.0,2025-02-22 21:09:00,Store,
1170,128,4.0,2024-08-29 18:28:00,Store,
1171,41,,2024-03-28 09:30:00,Online,
1172,197,,2025-02-11 19:13:00,Online,
1173,49,1.0,2025-09-03 13:04:00,Store,
1174,182,,2024-12-06 12:30:00,Online,
1175,24,5.0,2025-11-17 21:38:00,Store,
1176,203,,2025-09-26 15:19:00,Online,
1177,100,5.0,2024-05-15 17:02:00,Store,
1178,240,3.0,2025-05-19 14:56:00,Store,
1179,73,3.0,2025-12-28 17:27:00,Store,8.0
1180,185,,2025-05-26 13:47:00,Online,
1181,136,4.0,2024-10-16 13:39:00,Store,
1182,257,,2024-06-17 14:47:00,Online,
1183,238,2.0,2024-06-03 17:54:00,Store,
1184,10,2.0,2024-02-25 12:11:00,Store,
1185,60,,2025-12-23 16:27:00,Online,
1186,251,4.0,2024-02-11 16:22:00,Store,
1187,76,1.0,2025-05-19 10:54:00,Store,
1188,87,,2024-07-27 13:11:00,Online,
1189,109,1.0,2025-07-30 19:37:00,Store,6.0
1190,256,,2025-03-02 10:15:00,Online,
1191,253,3.0,2024-01-27 13:43:00,Store,
1192,166,1.0,2025-08-27 10:53:00,Store,
1193,246,3.0,2025-04-16 20:42:00,Store,
1194,169,,2025-08-31 19:00:00,Online,
1195,167,,2025-11-02 18:28:00,Online,
1196,25,,2025-08-05 11:13:00,Online,
1197,29,,2024-10-16 14:51:00,Online,
1198,48,2.0,2025-07-14 18:24:00,Store,6.0
1199,64,4.0,2024-04-01 09:54:00,Store,
1200,79,4.0,2024-10-18 19:48:00,Store,
1201,159,,2025-03-18 20:51:00,Online,
1202,189,4.0,2025-01-02 19:06:00,Store,
1203,138,4.0,2025-04-01 15:30:00,Store,
1204,250,2.0,2024-04-02 21:27:00,Store,
1205,48,3.0,2025-03-20 19:27:00,Store,
1206,80,,2025-11-23 12:41:00,Online,7.0
1207,41,,2024-10-24 16:27:00,Online,
1208,66,,2025-05-04 13:09:00,Online,
1209,219,1.0,2024-11-03 12:33:00,Store,
1210,24,5.0,2025-07-18 10:58:00,Store,6.0
1211,292,,2025-04-20 19:46:00,Online,
1212,42,,2024-12-29 13:37:00,Online,4.0
1213,202,4.0,2024-07-02 21:11:00,Store,
1214,233,,2024-10-31 14:37:00,Online,
1215,136,2.0,2025-04-05 18:51:00,Store,
1216,133,,2024-08-04 11:05:00,Online,
1217,10,1.0,2024-04-18 15:34:00,Store,
1218,180,4.0,2024-01-14 11:41:00,Store,
1219,250,5.0,2025-11-04 20:38:00,Store,
1220,203,,2025-01-04 20:43:00,Online,
1221,4,1.0,2024-03-30 11:08:00,Store,
1222,247,2.0,2024-07-11 09:13:00,Store,2.0
1223,138,4.0,2024-03-29 13:49:00,Store,1.0
1224,239,,2024-06-05 20:44:00,Online,
1225,231,2.0,2025-04-27 09:55:00,Store,
1226,201,1.0,2024-10-28 18:53:00,Store,
1227,258,,2024-04-15 19:54:00,Online,
1228,284,,2025-05-22 20:37:00,Online,
1229,179,5.0,2024-02-07 16:25:00,Store,
1230,32,4.0,2025-11-25 16:14:00,Store,
1231,214,,2025-07-20 10:17:00,Online,6.0
1232,11,2.0,2025-04-04 20:27:00,Store,
1233,119,5.0,2025-04-25 14:28:00,Store,
1234,240,3.0,2025-12-02 14:58:00,Store,
1235,185,,2025-12-29 15:26:00,Online,
1236,150,,2024-06-14 18:13:00,Online,
1237,40,2.0,2024-03-29 19:30:00,Store,
1238,294,2.0,2024-04-13 21:26:00,Store,
1239,184,,2025-07-24 09:01:00,Online,6.0
1240,33,1.0,2024-06-27 17:02:00,Store,
1241,288,3.0,2025-09-24 12:07:00,Store,
1242,24,,2024-12-14 21:22:00,Online,
1243,278,1.0,2024-06-03 20:55:00,Store,
1244,225,,2025-12-24 09:59:00,Online,
1245,61,,2024-04-23 10:50:00,Online,
1246,57,2.0,2024-02-12 17:06:00,Store,
1247,150,,2025-01-05 11:46:00,Online,
1248,51,3.0,2025-06-02 16:46:00,Store,
1249,104,4.0,2024-12-08 11:07:00,Store,
1250,181,5.0,2024-01-07 12:53:00,Store,
1251,194,,2024-06-24 10:17:00,Online,
1252,126,5.0,2025-02-28 14:40:00,Store,
1253,71,,2025-03-07 21:14:00,Online,5.0
1254,186,,2025-04-14 17:50:00,Online,
1255,6,,2025-03-29 11:49:00,Online,5.0
1256,122,,2024-03-27 14:20:00,Online,1.0
1257,78,,2025-02-06 21:02:00,Online,
1258,263,,2024-02-29 19:45:00,Online,
1259,206,,2025-06-16 13:26:00,Online,
1260,156,,2025-12-18 17:55:00,Online,8.0
1261,202,2.0,2024-01-09 13:57:00,Store,
1262,106,,2025-12-18 15:28:00,Online,
1263,177,,2025-09-25 19:28:00,Online,
1264,102,,2025-10-26 15:49:00,Online,
1265,99,2.0,2024-03-27 09:34:00,Store,1.0
1266,283,3.0,2024-08-06 10:32:00,Store,
1267,15,,2025-10-12 11:01:00,Online,
1268,124,,2025-07-06 18:16:00,Online,6.0
1269,31,,2025-06-01 10:46:00,Online,
1270,182,1.0,2024-09-22 19:32:00,Store,
1271,3,2.0,2025-04-04 13:36:00,Store,
1272,274,,2025-08-18 18:45:00,Online,
1273,146,,2024-08-27 14:19:00,Online,
1274,194,2.0,2025-08-09 19:08:00,Store,
1275,112,,2024-04-17 14:33:00,Online,
1276,76,,2025-01-04 16:06:00,Online,
1277,32,2.0,2025-02-25 10:05:00,Store,
1278,40,5.0,2025-05-02 12:28:00,Store,
1279,266,,2025-02-16 18:35:00,Online,
1280,217,,2024-09-27 18:31:00,Online,
1281,214,,2025-12-06 16:46:00,Online,
1282,267,,2024-05-27 17:08:00,Online,
1283,295,2.0,2024-05-12 20:32:00,Store,
1284,81,,2025-04-11 16:02:00,Online,
1285,210,3.0,2025-01-13 10:38:00,Store,
1286,268,3.0,2025-08-08 13:02:00,Store,
1287,151,2.0,2024-11-08 14:19:00,Store,
1288,233,3.0,2024-05-25 21:37:00,Store,
1289,251,5.0,2024-10-17 12:11:00,Store,
1290,23,5.0,2024-12-23 10:55:00,Store,4.0
1291,244,,2024-12-11 21:24:00,Online,
1292,282,4.0,2024-05-15 21:08:00,Store,
1293,167,5.0,2025-11-14 16:09:00,Store,
1294,199,4.0,2025-11-11 18:26:00,Store,
1295,227,,2024-12-13 17:02:00,Online,
1296,298,3.0,2024-06-18 20:01:00,Store,
1297,287,5.0,2025-07-28 19:07:00,Store,6.0
1298,244,1.0,2025-08-06 17:12:00,Store,
1299,103,,2024-05-03 19:59:00,Online,
1300,126,,2024-10-08 21:13:00,Online,
1301,274,4.0,2025-08-16 16:05:00,Store,
1302,12,2.0,2025-08-26 09:31:00,Store,
1303,271,3.0,2025-02-28 09:55:00,Store,
1304,166,2.0,2024-04-03 10:06:00,Store,
1305,46,4.0,2024-07-06 13:49:00,Store,
1306,61,1.0,2024-03-01 18:20:00,Store,1.0
1307,166,1.0,2024-11-23 11:26:00,Store,3.0
1308,253,5.0,2025-09-03 18:15:00,Store,
1309,32,5.0,2025-01-29 10:17:00,Store,
1310,15,2.0,2025-02-20 10:30:00,Store,
1311,221,,2024-01-20 13:35:00,Online,
1312,65,4.0,2024-09-09 21:35:00,Store,
1313,257,2.0,2025-04-01 10:54:00,Store,
1314,126,4.0,2025-01-17 17:10:00,Store,
1315,1,,2025-07-22 16:02:00,Online,
1316,86,4.0,2025-09-27 13:41:00,Store,
1317,195,,2024-10-06 18:16:00,Online,
1318,262,2.0,2025-10-09 12:37:00,Store,
1319,154,1.0,2025-06-30 18:04:00,Store,
1320,156,,2024-05-23 20:35:00,Online,
1321,163,,2024-08-03 18:32:00,Online,
1322,232,3.0,2024-12-16 19:16:00,Store,4.0
1323,69,1.0,2025-09-05 14:01:00,Store,
1324,5,,2025-09-15 16:00:00,Online,
1325,251,,2025-02-27 17:57:00,Online,
1326,40,4.0,2025-07-05 10:50:00,Store,
1327,184,1.0,2024-12-27 15:52:00,Store,4.0
1328,114,,2024-07-16 16:00:00,Online,
1329,99,5.0,2025-11-27 20:22:00,Store,
1330,186,4.0,2024-08-14 12:31:00,Store,
1331,108,4.0,2025-12-21 20:38:00,Store,8.0
1332,88,5.0,2025-08-05 17:31:00,Store,
1333,290,5.0,2025-11-19 19:38:00,Store,
1334,74,5.0,2024-05-11 20:04:00,Store,
1335,141,1.0,2024-08-21 17:46:00,Store,
1336,130,,2025-12-10 19:34:00,Online,
1337,258,,2024-01-03 15:41:00,Online,
1338,286,,2024-02-23 14:27:00,Online,
1339,266,3.0,2024-10-07 10:43:00,Store,
1340,115,4.0,2025-06-13 21:02:00,Store,
1341,3,3.0,2025-06-29 16:20:00,Store,
1342,7,,2024-03-24 18:51:00,Online,1.0
1343,54,1.0,2024-03-17 12:12:00,Store,
1344,126,,2024-04-09 09:30:00,Online,
1345,172,,2025-08-29 21:40:00,Online,
1346,123,,2024-09-10 10:30:00,Online,
1347,266,1.0,2024-02-25 14:33:00,Store,
1348,49,5.0,2025-09-06 18:28:00,Store,
1349,18,1.0,2024-05-07 10:03:00,Store,
1350,250,5.0,2024-05-10 09:58:00,Store,
1351,53,,2025-10-03 15:04:00,Online,
1352,196,5.0,2025-07-26 09:18:00,Store,
1353,6,4.0,2024-08-26 18:50:00,Store,
1354,52,1.0,2025-03-14 18:39:00,Store,5.0
1355,53,1.0,2025-08-24 12:06:00,Store,
1356,100,,2025-08-30 21:53:00,Online,
1357,147,4.0,2024-05-09 19:32:00,Store,
1358,125,1.0,2025-09-27 16:11:00,Store,
1359,197,3.0,2024-03-02 11:19:00,Store,1.0
1360,189,1.0,2024-05-30 16:19:00,Store,
1361,75,5.0,2025-06-14 18:42:00,Store,
1362,177,2.0,2025-07-26 09:27:00,Store,
1363,175,4.0,2024-07-25 21:04:00,Store,
1364,170,,2025-04-23 18:44:00,Online,
1365,154,2.0,2025-08-02 14:39:00,Store,
1366,24,1.0,2024-04-17 16:56:00,Store,
1367,118,2.0,2025-10-16 12:44:00,Store,
1368,170,,2024-09-01 16:47:00,Online,
1369,95,,2025-01-19 12:25:00,Online,
1370,24,5.0,2024-01-07 14:00:00,Store,
1371,255,5.0,2024-04-27 11:18:00,Store,
1372,102,2.0,2025-01-03 09:01:00,Store,
1373,90,5.0,2024-08-12 13:46:00,Store,
1374,12,3.0,2024-09-08 11:12:00,Store,
1375,80,1.0,2024-04-13 09:53:00,Store,
1376,234,3.0,2024-12-12 12:19:00,Store,
1377,223,,2025-06-23 21:39:00,Online,
1378,289,,2024-03-07 10:09:00,Online,
1379,192,4.0,2024-07-15 17:24:00,Store,
1380,97,,2024-09-07 09:48:00,Online,
1381,168,3.0,2024-10-28 21:09:00,Store,
1382,277,1.0,2024-05-09 17:37:00,Store,
1383,34,4.0,2025-04-26 21:42:00,Store,
1384,192,4.0,2025-10-22 21:32:00,Store,
1385,192,4.0,2024-07-02 14:45:00,Store,
1386,298,5.0,2025-05-21 16:17:00,Store,
1387,113,,2025-10-27 09:13:00,Online,
1388,112,4.0,2025-04-07 12:25:00,Store,
1389,192,1.0,2025-08-08 11:59:00,Store,
1390,166,3.0,2024-05-17 21:05:00,Store,
1391,239,3.0,2024-08-23 18:02:00,Store,
1392,222,4.0,2025-03-12 16:29:00,Store,5.0
1393,81,1.0,2024-01-26 11:28:00,Store,
1394,257,1.0,2025-01-02 10:18:00,Store,
1395,61,1.0,2024-10-10 12:06:00,Store,
1396,101,,2025-07-13 12:21:00,Online,6.0
1397,71,,2024-07-14 20:38:00,Online,
1398,154,3.0,2025-07-10 13:00:00,Store,
1399,297,,2025-02-17 15:52:00,Online,
1400,196,,2024-01-13 16:41:00,Online,
1401,126,,2024-06-01 15:14:00,Online,
1402,265,5.0,2024-08-02 16:14:00,Store,
1403,237,1.0,2025-04-24 20:52:00,Store,
1404,214,4.0,2024-11-16 12:27:00,Store,
1405,72,2.0,2025-07-25 09:23:00,Store,6.0
1406,182,4.0,2025-05-26 21:42:00,Store,
1407,207,,2025-03-11 19:48:00,Online,
1408,12,1.0,2024-11-02 14:37:00,Store,
1409,219,,2024-05-22 11:21:00,Online,
1410,274,4.0,2024-07-28 15:04:00,Store,2.0
1411,88,5.0,2025-10-16 13:05:00,Store,
1412,251,2.0,2024-06-30 09:52:00,Store,
1413,65,5.0,2024-03-12 15:18:00,Store,1.0
1414,88,4.0,2025-01-12 17:00:00,Store,
1415,67,4.0,2025-02-04 11:07:00,Store,
1416,277,2.0,2024-03-11 15:57:00,Store,1.0
1417,167,5.0,2024-06-11 18:36:00,Store,
1418,104,2.0,2025-12-02 16:17:00,Store,
1419,205,2.0,2025-04-01 10:52:00,Store,
1420,292,,2025-06-22 14:58:00,Online,
1421,21,,2025-04-16 16:36:00,Online,
1422,234,3.0,2024-10-21 19:56:00,Store,
1423,90,2.0,2025-02-04 18:52:00,Store,
1424,235,2.0,2025-09-24 20:27:00,Store,
1425,202,,2025-12-16 18:06:00,Online,8.0
1426,150,,2024-10-07 19:34:00,Online,
1427,236,,2024-03-09 20:46:00,Online,
1428,63,,2025-02-25 21:35:00,Online,
1429,161,,2024-03-19 21:06:00,Online,1.0
1430,265,1.0,2024-06-17 13:13:00,Store,
1431,220,,2024-03-15 19:44:00,Online,1.0
1432,6,2.0,2024-07-18 15:02:00,Store,2.0
1433,43,2.0,2025-05-11 16:04:00,Store,
1434,242,,2025-12-31 16:08:00,Online,
1435,54,1.0,2024-06-23 09:38:00,Store,
1436,87,1.0,2025-07-01 20:25:00,Store,
1437,97,1.0,2024-06-06 16:22:00,Store,
1438,227,,2025-11-22 17:13:00,Online,
1439,53,3.0,2025-06-19 19:42:00,Store,
1440,3,4.0,2025-03-30 09:38:00,Store,
1441,123,1.0,2024-09-12 14:58:00,Store,
1442,173,,2025-03-07 09:00:00,Online,
1443,29,,2024-03-05 12:56:00,Online,
1444,23,1.0,2024-06-20 20:10:00,Store,
1445,98,5.0,2024-11-30 14:35:00,Store,3.0
1446,63,2.0,2024-05-03 12:13:00,Store,
1447,116,2.0,2024-01-16 15:41:00,Store,
1448,143,3.0,2025-04-14 12:04:00,Store,
1449,71,5.0,2024-02-14 10:56:00,Store,
1450,275,,2025-05-26 10:45:00,Online,
1451,49,4.0,2025-08-05 11:16:00,Store,
1452,69,3.0,2025-11-25 21:44:00,Store,
1453,172,5.0,2025-11-13 16:04:00,Store,
1454,120,1.0,2025-04-04 15:32:00,Store,
1455,64,4.0,2024-08-26 09:39:00,Store,
1456,31,4.0,2024-09-06 18:05:00,Store,
1457,193,1.0,2024-10-30 12:09:00,Store,
1458,228,,2024-08-31 20:38:00,Online,
1459,163,1.0,2024-12-02 11:17:00,Store,
1460,148,,2025-06-17 21:26:00,Online,
1461,176,5.0,2024-08-22 20:21:00,Store,
1462,268,,2024-02-25 19:15:00,Online,
1463,196,2.0,2024-08-15 18:55:00,Store,
1464,34,,2025-03-28 19:00:00,Online,5.0
1465,67,2.0,2024-02-23 19:09:00,Store,
1466,105,1.0,2025-08-29 17:53:00,Store,
1467,160,2.0,2025-03-12 20:29:00,Store,5.0
1468,147,2.0,2025-09-12 12:19:00,Store,
1469,41,,2024-10-05 21:30:00,Online,
1470,86,4.0,2025-01-03 15:24:00,Store,
1471,222,,2025-06-01 18:47:00,Online,
1472,196,1.0,2025-05-08 09:48:00,Store,
1473,79,2.0,2024-11-03 18:34:00,Store,
1474,157,4.0,2024-09-20 15:29:00,Store,
1475,37,4.0,2025-07-29 18:30:00,Store,6.0
1476,192,,2024-01-05 09:55:00,Online,
1477,213,,2025-01-18 16:25:00,Online,
1478,158,5.0,2025-01-17 15:31:00,Store,
1479,10,,2024-03-13 15:56:00,Online,1.0
1480,131,,2024-07-17 21:27:00,Online,
1481,251,3.0,2024-12-22 17:45:00,Store,
1482,218,,2025-10-28 15:59:00,Online,
1483,186,1.0,2024-09-05 16:02:00,Store,
1484,76,4.0,2025-12-15 19:41:00,Store,
1485,88,1.0,2024-05-30 13:15:00,Store,
1486,197,5.0,2025-10-21 20:58:00,Store,
1487,60,,2024-03-23 17:58:00,Online,1.0
1488,257,,2024-09-15 20:19:00,Online,
1489,158,,2025-11-05 15:37:00,Online,
1490,174,,2024-04-01 10:40:00,Online,
1491,108,,2024-12-18 11:17:00,Online,4.0
1492,185,1.0,2024-01-07 11:52:00,Store,
1493,214,,2025-12-14 15:33:00,Online,
1494,98,,2024-06-23 11:23:00,Online,
1495,258,,2024-07-21 16:11:00,Online,2.0
1496,94,,2024-07-09 12:03:00,Online,2.0
1497,56,,2025-03-27 19:58:00,Online,5.0
1498,82,1.0,2024-03-28 15:07:00,Store,
1499,52,3.0,2025-05-04 16:43:00,Store,
1500,299,,2024-01-08 19:37:00,Online,
1501,243,5.0,2024-04-09 12:33:00,Store,
1502,249,3.0,2025-06-16 21:17:00,Store,
1503,190,,2025-09-10 15:21:00,Online,
1504,123,,2024-12-17 14:52:00,Online,
1505,183,,2025-01-22 18:03:00,Online,
1506,243,,2024-04-12 09:29:00,Online,
1507,69,,2024-05-22 09:38:00,Online,
1508,128,5.0,2024-10-13 20:48:00,Store,
1509,244,2.0,2025-12-03 19:55:00,Store,
1510,125,3.0,2024-01-04 19:52:00,Store,
1511,114,,2024-02-16 21:47:00,Online,
1512,205,,2024-08-27 18:31:00,Online,
1513,294,,2024-03-24 14:27:00,Online,
1514,52,,2025-11-05 20:57:00,Online,
1515,74,,2024-10-27 18:12:00,Online,
1516,259,4.0,2025-08-08 21:54:00,Store,
1517,213,,2024-03-30 13:53:00,Online,
1518,229,,2025-04-23 11:57:00,Online,
1519,124,2.0,2025-05-08 19:34:00,Store,
1520,55,1.0,2025-11-06 20:05:00,Store,
1521,206,,2024-06-13 14:57:00,Online,
1522,244,,2024-08-13 20:16:00,Online,
1523,70,,2025-11-17 10:42:00,Online,
1524,47,,2025-10-10 20:31:00,Online,
1525,295,,2024-12-06 12:59:00,Online,
1526,176,4.0,2025-09-07 10:41:00,Store,
1527,288,,2025-10-31 19:50:00,Online,
1528,115,3.0,2025-03-23 21:14:00,Store,5.0
1529,97,,2024-12-14 20:37:00,Online,4.0
1530,1,5.0,2024-05-10 14:24:00,Store,
1531,199,,2025-07-02 12:54:00,Online,6.0
1532,267,,2025-11-26 21:08:00,Online,
1533,271,3.0,2024-04-19 15:00:00,Store,
1534,234,3.0,2024-08-12 16:43:00,Store,
1535,18,3.0,2024-05-29 20:42:00,Store,
1536,141,,2025-05-29 20:07:00,Online,
1537,111,4.0,2025-12-24 18:30:00,Store,8.0
1538,123,,2024-06-05 20:13:00,Online,
1539,290,4.0,2024-02-23 21:11:00,Store,
1540,82,,2024-11-02 19:58:00,Online,
1541,217,,2025-07-15 15:21:00,Online,
1542,271,,2025-02-04 15:04:00,Online,
1543,100,,2024-10-16 20:59:00,Online,
1544,68,5.0,2025-07-15 15:06:00,Store,
1545,158,,2024-02-25 20:19:00,Online,
1546,248,2.0,2025-08-14 11:28:00,Store,
1547,101,,2024-08-02 12:51:00,Online,
1548,220,2.0,2024-01-10 14:46:00,Store,
1549,87,,2025-01-20 15:43:00,Online,
1550,54,,2024-04-08 14:30:00,Online,
1551,196,2.0,2024-04-30 17:41:00,Store,
1552,126,2.0,2025-10-04 20:25:00,Store,
1553,89,,2025-02-10 16:19:00,Online,
1554,46,,2025-01-19 21:44:00,Online,
1555,228,1.0,2025-10-27 15:17:00,Store,
1556,282,5.0,2024-04-29 10:07:00,Store,
1557,294,,2024-08-18 09:37:00,Online,
1558,49,,2025-05-06 13:44:00,Online,
1559,223,2.0,2024-07-04 15:30:00,Store,2.0
1560,95,1.0,2025-12-31 21:34:00,Store,8.0
1561,195,1.0,2024-03-06 17:53:00,Store,
1562,61,5.0,2024-07-31 19:57:00,Store,
1563,123,2.0,2024-01-06 17:28:00,Store,
1564,83,3.0,2025-08-11 12:41:00,Store,
1565,184,5.0,2024-02-05 10:07:00,Store,
1566,1,1.0,2024-06-24 15:42:00,Store,
1567,274,5.0,2025-06-15 21:18:00,Store,
1568,268,,2025-05-17 20:20:00,Online,
1569,262,1.0,2024-12-26 18:34:00,Store,
1570,64,2.0,2024-02-15 12:02:00,Store,
1571,121,3.0,2024-05-17 18:35:00,Store,
1572,240,3.0,2024-05-11 20:39:00,Store,
1573,84,1.0,2024-09-23 15:41:00,Store,
1574,74,1.0,2024-09-17 19:27:00,Store,
1575,99,,2025-10-06 20:17:00,Online,
1576,262,4.0,2025-07-31 19:41:00,Store,
1577,195,5.0,2024-11-19 21:27:00,Store,
1578,64,5.0,2024-09-10 10:17:00,Store,
1579,46,3.0,2025-02-20 10:21:00,Store,
1580,116,1.0,2024-10-06 11:55:00,Store,
1581,54,,2025-01-21 12:24:00,Online,
1582,174,4.0,2024-05-06 11:33:00,Store,
1583,217,3.0,2024-04-07 17:22:00,Store,
1584,51,,2025-07-18 13:38:00,Online,6.0
1585,273,4.0,2024-07-04 14:51:00,Store,2.0
1586,263,,2024-09-22 09:43:00,Online,
1587,194,3.0,2025-11-04 11:09:00,Store,
1588,125,,2024-02-24 20:40:00,Online,
1589,215,,2024-09-12 19:38:00,Online,
1590,240,3.0,2024-07-06 16:22:00,Store,
1591,118,1.0,2025-06-17 20:56:00,Store,
1592,161,,2024-11-08 15:49:00,Online,
1593,123,,2025-10-11 10:04:00,Online,
1594,46,,2024-06-18 18:03:00,Online,
1595,6,,2025-07-21 16:51:00,Online,6.0
1596,273,,2025-05-06 16:32:00,Online,
1597,98,,2025-02-19 09:39:00,Online,
1598,263,3.0,2024-01-08 20:27:00,Store,
1599,271,,2024-09-07 20:42:00,Online,
1600,57,,2024-02-13 18:28:00,Online,
1601,39,2.0,2025-06-20 12:11:00,Store,
1602,217,2.0,2025-06-10 14:03:00,Store,
1603,128,,2025-01-17 10:21:00,Online,
1604,278,2.0,2024-04-30 13:19:00,Store,
1605,220,3.0,2024-01-03 20:40:00,Store,
1606,19,,2025-10-20 17:52:00,Online,
1607,183,4.0,2025-09-24 16:03:00,Store,
1608,55,2.0,2024-12-02 13:22:00,Store,
1609,52,2.0,2025-02-15 14:00:00,Store,
1610,280,1.0,2024-03-27 17:32:00,Store,
1611,252,4.0,2024-01-08 11:49:00,Store,
1612,187,2.0,2025-02-08 14:19:00,Store,
1613,56,,2025-07-03 21:17:00,Online,
1614,182,,2025-03-25 11:08:00,Online,5.0
1615,21,4.0,2024-04-23 12:18:00,Store,
1616,102,,2024-12-05 09:10:00,Online,
1617,216,4.0,2025-11-12 13:07:00,Store,
1618,167,,2025-11-29 20:08:00,Online,
1619,200,1.0,2025-02-13 17:46:00,Store,
1620,130,2.0,2024-01-22 11:09:00,Store,
1621,115,5.0,2024-02-23 19:53:00,Store,
1622,110,1.0,2024-01-09 15:30:00,Store,
1623,79,,2025-03-15 12:39:00,Online,5.0
1624,140,,2024-04-27 13:44:00,Online,
1625,53,,2025-03-15 12:30:00,Online,5.0
1626,77,2.0,2024-07-12 18:40:00,Store,2.0
1627,10,1.0,2024-07-15 11:27:00,Store,
1628,157,,2025-01-24 15:33:00,Online,
1629,219,5.0,2024-08-24 12:21:00,Store,
1630,156,3.0,2025-03-13 19:03:00,Store,5.0
1631,164,,2025-12-29 15:15:00,Online,8.0
1632,107,4.0,2024-02-23 19:47:00,Store,
1633,221,4.0,2024-10-13 18:06:00,Store,
1634,58,1.0,2025-01-07 14:19:00,Store,
1635,67,3.0,2025-11-30 17:49:00,Store,
1636,191,3.0,2025-08-26 17:38:00,Store,
1637,45,,2024-08-03 18:24:00,Online,
1638,68,2.0,2024-05-13 19:47:00,Store,
1639,51,5.0,2024-07-16 20:28:00,Store,
1640,104,2.0,2024-11-04 20:30:00,Store,
1641,150,3.0,2024-02-14 11:12:00,Store,
1642,188,1.0,2025-07-27 14:57:00,Store,
1643,170,,2024-03-10 16:26:00,Online,1.0
1644,69,5.0,2024-06-19 18:17:00,Store,
1645,63,,2024-03-03 21:44:00,Online,1.0
1646,265,4.0,2024-06-18 16:48:00,Store,
1647,106,2.0,2025-02-14 18:17:00,Store,
1648,5,,2025-08-08 12:37:00,Online,
1649,269,2.0,2025-06-09 16:32:00,Store,
1650,283,2.0,2024-10-30 20:17:00,Store,
1651,100,2.0,2024-02-16 17:15:00,Store,
1652,27,2.0,2024-10-11 11:17:00,Store,
1653,1,5.0,2024-08-03 17:07:00,Store,
1654,282,2.0,2025-01-12 14:05:00,Store,
1655,167,,2025-02-22 18:18:00,Online,
1656,183,3.0,2025-10-02 09:52:00,Store,
1657,277,,2024-06-29 13:01:00,Online,
1658,196,,2025-08-20 10:46:00,Online,
1659,283,4.0,2024-09-20 19:40:00,Store,
1660,105,4.0,2024-08-13 14:17:00,Store,
1661,233,4.0,2024-06-08 16:14:00,Store,
1662,135,2.0,2024-04-05 16:11:00,Store,
1663,93,1.0,2024-07-12 18:31:00,Store,2.0
1664,97,1.0,2025-02-07 19:38:00,Store,
1665,207,5.0,2025-03-12 12:29:00,Store,5.0
1666,197,1.0,2025-09-09 10:24:00,Store,
1667,128,,2025-10-21 09:08:00,Online,
1668,7,,2024-10-01 11:40:00,Online,
1669,209,,2024-01-10 21:06:00,Online,
1670,104,5.0,2024-12-12 20:05:00,Store,
1671,251,1.0,2024-06-16 13:21:00,Store,
1672,279,1.0,2025-07-10 20:17:00,Store,6.0
1673,249,2.0,2024-04-15 17:56:00,Store,
1674,149,3.0,2024-01-25 12:27:00,Store,
1675,58,1.0,2024-08-19 19:24:00,Store,
1676,183,3.0,2024-08-17 10:18:00,Store,
1677,50,,2024-05-01 14:59:00,Online,
1678,220,5.0,2025-09-11 11:11:00,Store,
1679,77,,2024-07-04 19:27:00,Online,
1680,54,4.0,2025-10-01 13:22:00,Store,
1681,136,,2025-11-08 14:59:00,Online,
1682,2,,2025-12-29 21:04:00,Online,
1683,76,4.0,2025-11-02 11:20:00,Store,
1684,135,,2024-03-09 10:36:00,Online,1.0
1685,198,4.0,2024-11-26 11:11:00,Store,3.0
1686,171,2.0,2025-09-08 21:40:00,Store,
1687,255,4.0,2025-01-27 15:35:00,Store,
1688,118,5.0,2025-06-29 17:52:00,Store,
1689,113,,2025-03-07 17:36:00,Online,5.0
1690,286,2.0,2024-07-27 09:23:00,Store,
1691,280,,2024-03-02 14:23:00,Online,
1692,80,,2024-05-22 13:29:00,Online,
1693,108,,2025-07-18 15:15:00,Online,6.0
1694,82,1.0,2024-04-30 20:45:00,Store,
1695,28,,2025-12-13 15:23:00,Online,
1696,189,,2024-03-16 16:53:00,Online,1.0
1697,45,4.0,2024-05-24 10:15:00,Store,
1698,255,,2024-06-02 21:11:00,Online,
1699,241,3.0,2025-06-24 20:19:00,Store,
1700,7,2.0,2025-03-30 21:41:00,Store,5.0
1701,258,4.0,2025-09-10 21:11:00,Store,
1702,233,3.0,2025-03-09 19:56:00,Store,
1703,117,2.0,2025-05-28 13:45:00,Store,
1704,194,,2024-10-05 10:33:00,Online,
1705,231,2.0,2024-05-08 20:13:00,Store,
1706,287,1.0,2025-02-05 11:52:00,Store,
1707,161,,2025-12-10 16:30:00,Online,8.0
1708,196,2.0,2024-06-17 09:51:00,Store,
1709,40,3.0,2024-10-03 10:06:00,Store,
1710,58,1.0,2024-01-29 12:18:00,Store,
1711,159,2.0,2024-08-04 18:00:00,Store,
1712,138,5.0,2025-10-15 09:15:00,Store,
1713,248,3.0,2025-08-01 09:36:00,Store,
1714,103,,2024-04-05 13:00:00,Online,
1715,162,,2025-02-11 17:12:00,Online,
1716,50,5.0,2024-12-30 11:44:00,Store,4.0
1717,146,1.0,2024-01-25 18:50:00,Store,
1718,238,1.0,2024-10-24 11:09:00,Store,
1719,73,,2024-08-25 12:51:00,Online,
1720,278,,2024-06-13 17:33:00,Online,
1721,68,3.0,2024-12-15 16:50:00,Store,
1722,199,5.0,2025-03-17 09:57:00,Store,
1723,267,1.0,2024-06-05 18:40:00,Store,
1724,172,1.0,2024-05-26 21:55:00,Store,
1725,161,3.0,2025-05-25 10:29:00,Store,
1726,194,1.0,2024-06-14 10:17:00,Store,
1727,236,4.0,2024-07-02 20:49:00,Store,
1728,72,,2025-03-28 19:59:00,Online,
1729,147,5.0,2025-05-14 09:23:00,Store,
1730,188,5.0,2025-11-27 11:28:00,Store,
1731,212,3.0,2025-01-17 10:43:00,Store,
1732,30,,2025-11-29 09:39:00,Online,7.0
1733,203,4.0,2024-06-07 10:18:00,Store,
1734,278,1.0,2024-03-15 12:24:00,Store,1.0
1735,239,2.0,2025-10-19 17:57:00,Store,
1736,254,3.0,2024-04-20 15:49:00,Store,
1737,202,4.0,2024-03-07 14:21:00,Store,1.0
1738,172,2.0,2024-02-09 17:09:00,Store,
1739,195,3.0,2024-11-23 18:02:00,Store,
1740,109,,2025-04-29 12:03:00,Online,
1741,130,1.0,2025-12-01 15:17:00,Store,
1742,225,4.0,2024-05-25 10:17:00,Store,
1743,133,1.0,2025-03-05 17:13:00,Store,5.0
1744,85,4.0,2024-12-16 21:19:00,Store,4.0
1745,293,1.0,2025-12-14 15:22:00,Store,
1746,297,3.0,2025-09-03 12:04:00,Store,
1747,163,4.0,2025-11-11 20:47:00,Store,
1748,175,4.0,2024-05-31 16:55:00,Store,
1749,2,,2024-09-26 17:46:00,Online,
1750,57,2.0,2024-05-08 19:28:00,Store,
1751,86,2.0,2025-03-06 20:34:00,Store,5.0
1752,190,,2025-11-26 18:00:00,Online,7.0
1753,256,4.0,2025-05-29 10:44:00,Store,
1754,181,,2025-02-27 15:22:00,Online,
1755,172,2.0,2025-03-12 17:48:00,Store,5.0
1756,84,4.0,2024-06-30 17:38:00,Store,
1757,224,5.0,2024-10-18 19:44:00,Store,
1758,63,1.0,2024-04-11 10:51:00,Store,
1759,255,,2025-09-23 15:06:00,Online,
1760,228,1.0,2025-09-30 17:06:00,Store,
1761,216,4.0,2025-11-14 13:54:00,Store,
1762,101,,2025-07-18 15:07:00,Online,
1763,238,4.0,2024-12-25 21:58:00,Store,4.0
1764,138,,2024-08-17 17:18:00,Online,
1765,213,,2024-09-27 13:53:00,Online,
1766,4,3.0,2024-01-05 15:02:00,Store,
1767,163,5.0,2025-06-15 20:38:00,Store,
1768,201,4.0,2025-03-16 12:35:00,Store,
1769,200,,2025-08-14 15:08:00,Online,
1770,165,4.0,2024-06-26 15:57:00,Store,
1771,65,5.0,2024-08-24 10:45:00,Store,
1772,134,,2025-02-05 21:40:00,Online,
1773,51,4.0,2024-06-11 14:13:00,Store,
1774,225,5.0,2024-01-12 19:49:00,Store,
1775,41,1.0,2025-12-25 17:58:00,Store,
1776,203,2.0,2024-05-13 16:40:00,Store,
1777,126,,2024-10-31 12:34:00,Online,
1778,27,2.0,2025-01-22 21:16:00,Store,
1779,297,,2025-10-04 09:40:00,Online,
1780,71,3.0,2024-04-23 16:59:00,Store,
1781,40,3.0,2024-09-25 11:05:00,Store,
1782,252,,2024-07-31 15:06:00,Online,2.0
1783,215,3.0,2025-10-02 10:13:00,Store,
1784,83,1.0,2025-10-10 16:51:00,Store,
1785,17,3.0,2024-07-01 19:36:00,Store,
1786,280,5.0,2025-05-10 18:38:00,Store,
1787,16,5.0,2024-09-17 10:12:00,Store,
1788,111,,2025-06-08 21:09:00,Online,
1789,189,1.0,2024-04-27 12:01:00,Store,
1790,141,1.0,2025-12-09 11:17:00,Store,
1791,151,4.0,2024-12-22 20:35:00,Store,4.0
1792,102,,2024-07-16 13:11:00,Online,
1793,299,,2024-10-14 15:06:00,Online,
1794,106,,2025-08-24 13:10:00,Online,
1795,229,3.0,2025-05-14 15:56:00,Store,
1796,197,5.0,2024-11-22 18:06:00,Store,3.0
1797,18,,2025-04-05 11:56:00,Online,
1798,151,5.0,2024-09-16 18:26:00,Store,
1799,59,3.0,2024-12-26 15:01:00,Store,4.0
1800,111,,2025-01-01 12:04:00,Online,
1801,161,3.0,2025-01-15 11:49:00,Store,
1802,169,5.0,2025-12-05 09:45:00,Store,
1803,34,5.0,2024-11-25 12:35:00,Store,3.0
1804,46,4.0,2024-04-15 17:17:00,Store,
1805,163,,2025-11-29 21:27:00,Online,7.0
1806,141,1.0,2025-05-20 16:02:00,Store,
1807,168,2.0,2025-04-08 11:38:00,Store,
1808,10,5.0,2025-08-13 09:18:00,Store,
1809,45,,2024-01-05 16:18:00,Online,
1810,274,,2025-02-16 09:57:00,Online,
1811,5,1.0,2024-02-10 14:41:00,Store,
1812,141,3.0,2025-03-01 20:19:00,Store,5.0
1813,202,4.0,2025-05-20 18:03:00,Store,
1814,63,,2025-05-20 19:58:00,Online,
1815,115,1.0,2025-09-24 10:01:00,Store,
1816,242,1.0,2024-05-22 10:20:00,Store,
1817,189,,2024-07-14 20:57:00,Online,2.0
1818,23,3.0,2025-12-05 09:16:00,Store,
1819,223,4.0,2024-03-17 13:21:00,Store,1.0
1820,68,2.0,2024-05-21 18:29:00,Store,
1821,229,,2025-08-21 15:40:00,Online,
1822,296,4.0,2025-06-18 17:15:00,Store,
1823,248,3.0,2024-10-14 14:49:00,Store,
1824,181,2.0,2024-10-30 20:05:00,Store,
1825,106,,2025-11-06 19:47:00,Online,
1826,67,2.0,2024-03-17 16:03:00,Store,1.0
1827,175,5.0,2024-07-11 16:06:00,Store,
1828,160,,2025-06-10 14:48:00,Online,
1829,259,2.0,2025-11-02 11:54:00,Store,
1830,232,,2024-08-12 14:24:00,Online,
1831,205,3.0,2025-06-09 12:49:00,Store,
1832,158,,2025-03-09 11:43:00,Online,
1833,64,,2024-04-14 11:29:00,Online,
1834,236,1.0,2024-09-03 09:57:00,Store,
1835,232,1.0,2025-05-02 19:33:00,Store,
1836,221,4.0,2025-07-17 10:22:00,Store,6.0
1837,125,4.0,2024-02-24 16:17:00,Store,
1838,97,5.0,2025-03-08 12:18:00,Store,5.0
1839,26,1.0,2025-06-15 15:06:00,Store,
1840,19,2.0,2024-08-12 10:03:00,Store,
1841,87,5.0,2024-03-08 17:06:00,Store,
1842,52,3.0,2025-02-18 15:25:00,Store,
1843,105,3.0,2025-05-22 12:10:00,Store,
1844,2,5.0,2025-12-23 18:18:00,Store,
1845,157,,2025-09-29 16:47:00,Online,
1846,162,,2025-12-05 12:10:00,Online,
1847,238,1.0,2024-06-19 11:21:00,Store,
1848,172,3.0,2025-11-13 16:27:00,Store,
1849,244,,2024-03-19 11:43:00,Online,
1850,251,,2025-04-30 18:00:00,Online,
1851,9,3.0,2025-04-28 10:02:00,Store,
1852,86,,2024-08-21 17:32:00,Online,
1853,246,,2024-04-06 10:19:00,Online,
1854,180,,2025-04-08 16:47:00,Online,
1855,130,1.0,2024-09-20 19:31:00,Store,
1856,171,,2024-12-27 13:45:00,Online,
1857,139,,2025-09-02 16:07:00,Online,
1858,211,,2025-10-17 09:09:00,Online,
1859,255,5.0,2025-11-06 11:22:00,Store,
1860,106,,2025-12-13 15:23:00,Online,8.0
1861,279,,2025-10-16 10:17:00,Online,
1862,136,,2025-04-05 17:11:00,Online,
1863,214,,2024-12-23 14:25:00,Online,4.0
1864,248,5.0,2024-02-12 18:33:00,Store,
1865,259,3.0,2024-05-05 15:50:00,Store,
1866,256,,2024-10-22 10:00:00,Online,
1867,82,3.0,2024-05-30 16:43:00,Store,
1868,84,3.0,2025-09-30 17:42:00,Store,
1869,4,2.0,2024-03-07 21:18:00,Store,1.0
1870,2,1.0,2024-02-24 16:19:00,Store,
1871,117,,2024-02-21 13:08:00,Online,
1872,288,1.0,2025-05-29 19:49:00,Store,
1873,101,1.0,2025-12-31 13:09:00,Store,8.0
1874,198,1.0,2025-04-29 14:15:00,Store,
1875,160,4.0,2024-09-24 13:38:00,Store,
1876,297,2.0,2025-11-26 14:51:00,Store,7.0
1877,157,5.0,2025-07-21 12:19:00,Store,
1878,193,,2025-04-17 17:11:00,Online,
1879,270,3.0,2025-03-23 10:08:00,Store,5.0
1880,239,4.0,2025-04-24 14:27:00,Store,
1881,287,4.0,2025-04-17 09:58:00,Store,
1882,188,,2024-03-31 21:08:00,Online,
1883,66,5.0,2025-08-17 17:23:00,Store,
1884,202,1.0,2024-10-27 09:48:00,Store,
1885,266,1.0,2025-04-18 21:48:00,Store,
1886,258,,2024-03-27 09:17:00,Online,1.0
1887,170,,2024-10-24 18:30:00,Online,
1888,292,,2024-05-04 20:37:00,Online,
1889,176,4.0,2024-02-24 20:13:00,Store,
1890,86,3.0,2024-05-19 12:57:00,Store,
1891,235,,2024-01-07 21:31:00,Online,
1892,87,1.0,2024-04-27 10:00:00,Store,
1893,105,1.0,2025-06-16 10:15:00,Store,
1894,29,,2025-06-01 16:25:00,Online,
1895,95,,2024-11-03 15:30:00,Online,
1896,225,,2025-07-13 13:52:00,Online,
1897,12,2.0,2025-03-18 11:40:00,Store,5.0
1898,149,,2025-05-02 16:18:00,Online,
1899,141,1.0,2025-08-25 16:23:00,Store,
1900,218,3.0,2025-04-20 15:52:00,Store,
1901,200,3.0,2025-04-13 10:36:00,Store,
1902,242,1.0,2024-02-04 19:41:00,Store,
1903,235,2.0,2024-12-29 11:29:00,Store,4.0
1904,200,2.0,2024-12-23 20:33:00,Store,
1905,289,2.0,2024-12-26 19:46:00,Store,4.0
1906,248,4.0,2025-02-07 10:58:00,Store,
1907,295,,2025-09-12 19:11:00,Online,
1908,270,3.0,2025-06-03 21:42:00,Store,
1909,300,4.0,2025-08-25 18:22:00,Store,
1910,275,,2024-03-10 09:01:00,Online,1.0
1911,166,,2025-05-26 19:30:00,Online,
1912,90,,2024-08-30 10:57:00,Online,
1913,33,3.0,2025-01-28 21:26:00,Store,
1914,44,3.0,2024-04-27 09:54:00,Store,
1915,16,,2025-09-13 19:53:00,Online,
1916,231,5.0,2024-11-24 10:44:00,Store,
1917,225,,2024-07-19 13:31:00,Online,2.0
1918,99,1.0,2025-03-20 17:51:00,Store,
1919,18,,2025-11-15 10:13:00,Online,
1920,160,1.0,2024-01-06 14:49:00,Store,
1921,271,2.0,2024-12-14 11:43:00,Store,
1922,183,5.0,2025-04-30 17:22:00,Store,
1923,244,4.0,2024-05-21 21:04:00,Store,
1924,40,,2024-03-13 18:05:00,Online,1.0
1925,277,2.0,2025-05-25 12:03:00,Store,
1926,184,2.0,2024-10-23 13:24:00,Store,
1927,295,5.0,2024-10-21 10:34:00,Store,
1928,205,5.0,2025-09-17 17:19:00,Store,
1929,242,,2025-12-15 10:37:00,Online,
1930,174,2.0,2025-10-30 09:02:00,Store,
1931,72,3.0,2024-12-08 21:03:00,Store,
1932,253,5.0,2025-11-10 09:15:00,Store,
1933,19,1.0,2025-09-16 20:53:00,Store,
1934,42,,2025-03-02 18:47:00,Online,5.0
1935,54,5.0,2024-10-04 20:02:00,Store,
1936,221,2.0,2024-08-18 19:22:00,Store,
1937,284,,2024-01-22 09:01:00,Online,
1938,195,,2024-07-19 17:38:00,Online,
1939,199,,2025-07-19 16:03:00,Online,
1940,282,4.0,2025-03-16 20:27:00,Store,5.0
1941,224,,2024-12-26 12:21:00,Online,4.0
1942,212,,2025-08-25 09:14:00,Online,
1943,8,,2025-07-03 18:02:00,Online,6.0
1944,136,1.0,2024-03-19 09:08:00,Store,1.0
1945,204,1.0,2024-10-26 11:38:00,Store,
1946,129,,2025-11-03 10:04:00,Online,
1947,183,,2024-07-29 16:45:00,Online,
1948,188,,2025-03-30 20:19:00,Online,5.0
1949,278,1.0,2025-06-23 13:20:00,Store,
1950,249,2.0,2024-12-20 15:45:00,Store,
1951,284,3.0,2025-06-17 12:19:00,Store,
1952,243,4.0,2024-05-25 09:15:00,Store,
1953,18,5.0,2024-04-26 09:31:00,Store,
1954,44,5.0,2025-01-28 13:52:00,Store,
1955,196,1.0,2025-01-28 16:01:00,Store,
1956,95,,2024-08-17 12:24:00,Online,
1957,157,3.0,2025-06-29 09:42:00,Store,
1958,127,,2024-01-27 18:48:00,Online,
1959,111,,2024-09-25 21:48:00,Online,
1960,223,,2024-12-15 20:53:00,Online,
1961,184,3.0,2024-02-28 21:06:00,Store,
1962,294,,2025-07-01 16:27:00,Online,
1963,240,,2024-09-23 11:24:00,Online,
1964,8,3.0,2024-08-31 11:58:00,Store,
1965,168,5.0,2024-03-28 12:49:00,Store,1.0
1966,129,,2025-01-05 13:42:00,Online,
1967,158,3.0,2025-09-14 09:07:00,Store,
1968,237,1.0,2024-09-27 11:28:00,Store,
1969,246,5.0,2025-04-22 09:22:00,Store,
1970,297,,2024-08-11 15:03:00,Online,
1971,161,,2024-10-10 18:35:00,Online,
1972,142,4.0,2025-03-27 11:16:00,Store,5.0
1973,28,1.0,2024-05-30 18:41:00,Store,
1974,226,1.0,2024-07-07 19:32:00,Store,
1975,133,,2024-08-21 09:45:00,Online,
1976,133,1.0,2024-01-17 19:54:00,Store,
1977,56,4.0,2025-09-06 12:22:00,Store,
1978,136,5.0,2024-04-25 17:04:00,Store,
1979,37,3.0,2025-01-15 19:26:00,Store,
1980,200,4.0,2024-05-26 09:20:00,Store,
1981,151,2.0,2025-10-29 14:30:00,Store,
1982,77,,2025-01-12 09:18:00,Online,
1983,74,,2024-01-27 10:38:00,Online,
1984,261,,2025-06-07 20:49:00,Online,
1985,194,,2025-12-30 14:13:00,Online,8.0
1986,41,,2025-01-25 21:41:00,Online,
1987,295,4.0,2024-08-17 18:32:00,Store,
1988,271,,2025-07-05 20:07:00,Online,
1989,226,2.0,2025-11-06 17:33:00,Store,
1990,125,3.0,2025-08-12 13:58:00,Store,
1991,60,,2024-08-24 16:20:00,Online,
1992,210,3.0,2025-03-31 20:56:00,Store,
1993,154,4.0,2024-03-19 14:41:00,Store,
1994,65,,2024-08-23 18:52:00,Online,
1995,209,,2024-09-07 21:58:00,Online,
1996,134,,2025-11-12 11:38:00,Online,
1997,42,5.0,2024-12-15 14:07:00,Store,
1998,102,,2025-08-12 16:40:00,Online,
1999,62,5.0,2025-04-09 09:10:00,Store,
2000,52,1.0,2025-12-29 16:47:00,Store,
2001,21,5.0,2024-01-25 20:10:00,Store,
2002,66,5.0,2025-02-01 15:22:00,Store,
2003,61,3.0,2024-09-04 20:18:00,Store,
2004,56,,2025-08-28 18:39:00,Online,
2005,124,,2024-02-16 10:47:00,Online,
2006,224,4.0,2025-02-22 19:28:00,Store,
2007,94,,2025-12-17 11:46:00,Online,
2008,4,3.0,2025-06-05 10:09:00,Store,
2009,195,2.0,2025-11-21 19:29:00,Store,7.0
2010,150,5.0,2024-04-09 12:19:00,Store,
2011,261,,2025-06-14 17:37:00,Online,
2012,197,2.0,2025-03-12 13:20:00,Store,
2013,257,5.0,2024-02-12 20:56:00,Store,
2014,161,3.0,2024-10-11 18:56:00,Store,
2015,144,2.0,2024-06-18 10:18:00,Store,
2016,136,,2024-06-22 13:58:00,Online,
2017,166,2.0,2024-04-18 12:42:00,Store,
2018,87,1.0,2025-07-19 17:48:00,Store,
2019,100,1.0,2025-07-06 17:51:00,Store,6.0
2020,228,4.0,2025-08-07 15:46:00,Store,
2021,62,4.0,2024-10-29 10:45:00,Store,
2022,71,,2025-05-20 13:05:00,Online,
2023,41,,2025-11-15 10:22:00,Online,
2024,168,3.0,2024-08-15 20:04:00,Store,
2025,263,,2024-10-09 16:40:00,Online,
2026,96,,2024-03-16 20:44:00,Online,1.0
2027,163,5.0,2025-12-23 21:33:00,Store,
2028,5,5.0,2025-10-03 09:40:00,Store,
2029,101,2.0,2025-01-20 12:43:00,Store,
2030,255,2.0,2025-05-11 11:46:00,Store,
2031,110,1.0,2025-10-12 10:33:00,Store,
2032,107,,2025-05-17 17:39:00,Online,
2033,90,5.0,2024-02-09 15:44:00,Store,
2034,248,2.0,2024-08-28 19:22:00,Store,
2035,150,,2024-11-03 12:56:00,Online,
2036,201,5.0,2025-05-16 21:40:00,Store,
2037,113,3.0,2025-05-07 13:06:00,Store,
2038,127,,2025-03-05 16:20:00,Online,5.0
2039,178,,2024-11-22 19:07:00,Online,
2040,251,2.0,2025-05-10 21:55:00,Store,
2041,188,4.0,2024-01-30 13:17:00,Store,
2042,104,3.0,2024-03-03 17:49:00,Store,1.0
2043,28,2.0,2025-03-11 15:16:00,Store,5.0
2044,114,2.0,2024-11-11 16:26:00,Store,
2045,57,,2025-07-02 12:49:00,Online,
2046,277,1.0,2024-12-03 11:38:00,Store,
2047,171,,2025-01-23 10:49:00,Online,
2048,26,3.0,2025-07-20 10:41:00,Store,6.0
2049,118,2.0,2025-07-02 15:55:00,Store,
2050,284,,2024-12-05 15:13:00,Online,
2051,6,,2024-01-14 09:54:00,Online,
2052,204,,2025-06-23 10:32:00,Online,
2053,104,2.0,2024-02-13 11:18:00,Store,
2054,41,,2024-02-04 13:47:00,Online,
2055,68,,2025-01-21 19:25:00,Online,
2056,38,4.0,2024-10-03 10:04:00,Store,
2057,203,2.0,2024-01-21 09:47:00,Store,
2058,243,5.0,2024-04-07 20:37:00,Store,
2059,218,1.0,2024-11-15 21:20:00,Store,
2060,104,5.0,2024-11-05 13:29:00,Store,
2061,220,4.0,2025-04-27 15:18:00,Store,
2062,146,,2025-07-28 13:30:00,Online,6.0
2063,202,,2025-01-26 09:31:00,Online,
2064,232,1.0,2025-07-13 20:06:00,Store,6.0
2065,289,3.0,2025-04-02 14:30:00,Store,
2066,43,2.0,2024-12-06 11:51:00,Store,
2067,128,4.0,2024-07-31 16:37:00,Store,
2068,291,,2025-04-29 17:46:00,Online,
2069,81,3.0,2024-03-01 21:31:00,Store,
2070,210,1.0,2024-02-07 14:44:00,Store,
2071,288,,2024-10-01 20:13:00,Online,
2072,121,4.0,2025-07-12 16:20:00,Store,6.0
2073,47,1.0,2024-04-17 15:44:00,Store,
2074,65,4.0,2024-06-14 17:47:00,Store,
2075,247,5.0,2024-04-26 09:56:00,Store,
2076,281,1.0,2025-05-13 11:47:00,Store,
2077,151,,2024-10-30 10:27:00,Online,
2078,166,3.0,2025-11-23 13:33:00,Store,
2079,273,,2024-06-18 11:18:00,Online,
2080,266,4.0,2025-09-20 20:23:00,Store,
2081,170,,2025-04-18 12:59:00,Online,
2082,263,4.0,2024-05-18 11:33:00,Store,
2083,35,,2024-07-02 11:30:00,Online,2.0
2084,276,1.0,2024-07-23 20:06:00,Store,2.0
2085,180,2.0,2025-08-31 11:04:00,Store,
2086,99,4.0,2024-12-19 19:00:00,Store,
2087,207,,2024-11-09 14:39:00,Online,
2088,104,2.0,2025-07-28 17:41:00,Store,6.0
2089,289,5.0,2024-10-13 11:16:00,Store,
2090,197,5.0,2025-08-24 19:49:00,Store,
2091,243,1.0,2025-09-11 13:51:00,Store,
2092,76,4.0,2024-08-25 12:05:00,Store,
2093,15,4.0,2024-01-01 14:04:00,Store,
2094,168,1.0,2025-03-11 19:30:00,Store,5.0
2095,243,5.0,2025-01-21 21:24:00,Store,
2096,110,,2024-11-20 17:05:00,Online,
2097,224,4.0,2024-10-11 20:09:00,Store,
2098,62,4.0,2025-12-12 21:16:00,Store,
2099,188,,2024-07-01 09:55:00,Online,
2100,110,2.0,2024-12-20 20:27:00,Store,4.0
2101,137,1.0,2024-01-11 12:28:00,Store,
2102,49,,2025-08-23 13:21:00,Online,
2103,7,1.0,2024-09-16 17:58:00,Store,
2104,246,3.0,2025-10-24 13:41:00,Store,
2105,293,,2024-10-07 19:03:00,Online,
2106,233,4.0,2025-04-27 18:40:00,Store,
2107,54,1.0,2025-10-25 21:34:00,Store,
2108,91,,2025-09-19 20:09:00,Online,
2109,68,1.0,2024-05-14 10:26:00,Store,
2110,279,2.0,2024-11-17 10:54:00,Store,
2111,9,3.0,2025-11-01 18:47:00,Store,
2112,188,4.0,2025-12-27 11:57:00,Store,8.0
2113,250,3.0,2024-03-07 12:52:00,Store,1.0
2114,66,,2024-02-15 13:38:00,Online,
2115,2,5.0,2025-02-23 11:40:00,Store,
2116,239,1.0,2024-12-25 10:21:00,Store,
2117,47,1.0,2025-04-19 10:07:00,Store,
2118,11,,2024-07-09 14:37:00,Online,
2119,236,2.0,2024-08-10 19:23:00,Store,
2120,98,,2024-11-11 19:41:00,Online,
2121,216,,2024-05-15 13:03:00,Online,
2122,290,2.0,2024-07-01 13:08:00,Store,
2123,152,4.0,2024-10-06 12:11:00,Store,
2124,182,3.0,2024-09-27 10:31:00,Store,
2125,88,5.0,2025-10-19 17:28:00,Store,
2126,292,4.0,2025-01-29 11:34:00,Store,
2127,148,5.0,2024-12-21 19:51:00,Store,
2128,108,4.0,2024-10-02 10:32:00,Store,
2129,60,2.0,2024-09-24 09:59:00,Store,
2130,166,4.0,2025-05-01 11:29:00,Store,
2131,18,1.0,2025-11-05 18:57:00,Store,
2132,5,4.0,2025-10-06 14:55:00,Store,
2133,52,3.0,2024-12-08 14:41:00,Store,
2134,280,1.0,2024-11-09 11:29:00,Store,
2135,234,4.0,2025-03-25 21:39:00,Store,
2136,192,4.0,2025-04-29 12:16:00,Store,
2137,21,,2025-11-25 15:19:00,Online,
2138,219,,2025-06-03 10:26:00,Online,
2139,15,2.0,2025-08-14 15:37:00,Store,
2140,269,5.0,2024-11-03 18:44:00,Store,
2141,184,,2024-05-22 11:42:00,Online,
2142,265,,2024-02-25 10:19:00,Online,
2143,85,2.0,2024-12-20 16:25:00,Store,4.0
2144,95,2.0,2024-11-04 13:05:00,Store,
2145,126,5.0,2025-03-23 10:46:00,Store,
2146,82,4.0,2025-01-18 09:30:00,Store,
2147,109,,2025-07-17 19:25:00,Online,
2148,50,3.0,2025-04-19 20:15:00,Store,
2149,182,,2024-05-16 15:49:00,Online,
2150,218,5.0,2025-11-21 20:55:00,Store,7.0
2151,14,5.0,2025-11-16 20:37:00,Store,
2152,189,5.0,2024-07-01 21:15:00,Store,
2153,204,,2025-09-17 18:48:00,Online,
2154,256,2.0,2025-10-23 12:08:00,Store,
2155,174,2.0,2024-11-05 15:05:00,Store,
2156,160,4.0,2025-03-11 11:18:00,Store,5.0
2157,265,,2024-07-02 11:25:00,Online,2.0
2158,52,,2024-12-20 19:46:00,Online,4.0
2159,269,4.0,2024-06-13 14:08:00,Store,
2160,253,1.0,2024-01-12 16:41:00,Store,
2161,60,4.0,2024-11-06 15:16:00,Store,
2162,243,,2025-05-29 14:49:00,Online,
2163,92,,2025-07-01 14:07:00,Online,6.0
2164,4,5.0,2025-11-21 10:09:00,Store,7.0
2165,145,4.0,2025-03-21 09:29:00,Store,5.0
2166,130,3.0,2025-09-05 19:23:00,Store,
2167,65,4.0,2024-01-25 17:17:00,Store,
2168,110,5.0,2024-01-18 16:20:00,Store,
2169,19,4.0,2024-04-24 14:46:00,Store,
2170,274,2.0,2024-09-11 11:05:00,Store,
2171,141,4.0,2025-10-10 16:27:00,Store,
2172,269,1.0,2025-12-06 18:15:00,Store,
2173,10,1.0,2024-03-19 14:23:00,Store,1.0
2174,155,1.0,2024-12-11 19:47:00,Store,4.0
2175,41,,2025-10-30 20:56:00,Online,
2176,99,3.0,2025-03-19 10:50:00,Store,
2177,26,4.0,2025-07-06 21:15:00,Store,6.0
2178,96,1.0,2024-10-08 20:44:00,Store,
2179,93,,2025-09-11 15:58:00,Online,
2180,107,4.0,2024-10-06 09:26:00,Store,
2181,137,3.0,2025-11-03 11:17:00,Store,
2182,5,,2024-04-09 12:14:00,Online,
2183,148,,2024-08-14 10:39:00,Online,
2184,216,3.0,2025-09-15 16:37:00,Store,
2185,286,3.0,2025-07-08 15:30:00,Store,6.0
2186,269,2.0,2024-06-04 16:54:00,Store,
2187,207,5.0,2025-11-20 15:16:00,Store,
2188,177,5.0,2025-10-08 16:35:00,Store,
2189,162,4.0,2025-01-13 13:18:00,Store,
2190,219,3.0,2024-01-31 11:39:00,Store,
2191,12,,2025-08-01 15:26:00,Online,
2192,252,,2024-10-17 17:47:00,Online,
2193,194,1.0,2025-01-19 17:08:00,Store,
2194,64,,2024-04-09 15:13:00,Online,
2195,82,,2025-08-07 13:11:00,Online,
2196,181,,2025-02-14 17:26:00,Online,
2197,164,,2025-03-04 18:17:00,Online,
2198,163,5.0,2025-11-11 19:40:00,Store,
2199,207,4.0,2025-02-05 12:54:00,Store,
2200,91,1.0,2024-10-20 16:10:00,Store,
2201,238,,2025-06-29 14:48:00,Online,
2202,298,,2025-11-30 10:24:00,Online,
2203,15,2.0,2025-02-24 12:40:00,Store,
2204,42,4.0,2025-09-16 18:32:00,Store,
2205,87,4.0,2024-01-24 14:39:00,Store,
2206,12,,2025-12-01 10:23:00,Online,
2207,262,,2025-10-31 15:35:00,Online,
2208,127,2.0,2024-06-14 16:23:00,Store,
2209,34,,2024-11-26 11:18:00,Online,3.0
2210,228,,2025-04-15 12:43:00,Online,
2211,57,,2024-06-30 16:32:00,Online,
2212,237,,2024-12-05 11:15:00,Online,
2213,9,,2024-03-12 09:47:00,Online,1.0
2214,214,,2025-01-29 10:50:00,Online,
2215,274,,2025-07-04 10:45:00,Online,6.0
2216,21,5.0,2024-10-26 21:25:00,Store,
2217,220,,2025-10-06 19:28:00,Online,
2218,157,,2024-04-16 11:54:00,Online,
2219,58,,2025-08-16 21:50:00,Online,
2220,174,2.0,2025-01-10 15:42:00,Store,
2221,50,1.0,2025-05-09 12:16:00,Store,
2222,126,,2025-04-14 20:31:00,Online,
2223,228,4.0,2024-12-16 13:44:00,Store,
2224,19,,2025-08-04 13:38:00,Online,
2225,14,3.0,2024-05-31 17:18:00,Store,
2226,150,2.0,2025-07-31 14:45:00,Store,
2227,226,,2024-11-08 16:45:00,Online,
2228,69,3.0,2024-06-07 20:51:00,Store,
2229,117,2.0,2025-01-28 13:40:00,Store,
2230,300,3.0,2025-08-20 13:09:00,Store,
2231,265,5.0,2025-06-04 20:55:00,Store,
2232,82,5.0,2024-06-23 14:41:00,Store,
2233,194,,2024-11-17 17:23:00,Online,
2234,269,4.0,2025-05-11 19:10:00,Store,
2235,34,3.0,2025-01-23 09:42:00,Store,
2236,143,1.0,2024-07-30 12:09:00,Store,
2237,292,,2024-12-31 16:29:00,Online,
2238,104,1.0,2025-06-20 12:47:00,Store,
2239,169,3.0,2025-02-12 19:06:00,Store,
2240,276,,2025-07-20 17:54:00,Online,
2241,174,3.0,2024-02-27 16:36:00,Store,
2242,126,4.0,2024-07-06 20:59:00,Store,2.0
2243,98,,2025-07-19 13:05:00,Online,
2244,35,2.0,2024-05-15 17:19:00,Store,
2245,245,5.0,2025-08-22 21:37:00,Store,
2246,220,4.0,2024-02-22 14:50:00,Store,
2247,274,5.0,2024-04-29 16:05:00,Store,
2248,250,1.0,2025-08-26 12:38:00,Store,
2249,58,,2025-08-18 15:55:00,Online,
2250,100,5.0,2025-03-29 21:41:00,Store,
2251,160,4.0,2024-01-01 13:48:00,Store,
2252,260,3.0,2025-10-08 11:21:00,Store,
2253,273,3.0,2025-10-22 13:16:00,Store,
2254,159,1.0,2025-11-25 17:32:00,Store,
2255,164,,2024-07-05 16:00:00,Online,2.0
2256,227,,2024-06-16 11:04:00,Online,
2257,195,,2024-04-06 16:21:00,Online,
2258,56,,2024-07-06 12:49:00,Online,2.0
2259,242,3.0,2024-11-23 21:33:00,Store,
2260,80,2.0,2024-08-03 18:43:00,Store,
2261,81,2.0,2025-02-09 21:10:00,Store,
2262,214,,2024-11-29 17:30:00,Online,3.0
2263,75,3.0,2025-04-28 13:23:00,Store,
2264,218,4.0,2024-11-18 16:19:00,Store,
2265,17,,2024-01-06 21:25:00,Online,
2266,72,,2024-12-28 19:51:00,Online,
2267,73,,2024-01-20 20:12:00,Online,
2268,192,4.0,2024-09-19 13:53:00,Store,
2269,287,,2025-01-26 14:35:00,Online,
2270,226,,2024-08-08 18:32:00,Online,
2271,91,4.0,2024-04-19 10:15:00,Store,
2272,200,,2025-08-30 16:02:00,Online,
2273,144,,2025-12-24 16:15:00,Online,
2274,217,5.0,2024-03-01 10:03:00,Store,1.0
2275,44,4.0,2024-04-23 16:08:00,Store,
2276,164,5.0,2024-06-04 11:37:00,Store,
2277,96,3.0,2024-03-31 16:15:00,Store,
2278,72,,2024-10-25 20:01:00,Online,
2279,233,,2024-03-10 21:44:00,Online,
2280,110,4.0,2025-01-04 21:28:00,Store,
2281,171,3.0,2024-08-21 16:23:00,Store,
2282,12,4.0,2024-09-18 18:47:00,Store,
2283,250,,2025-03-13 15:51:00,Online,
2284,5,1.0,2024-03-02 17:23:00,Store,
2285,252,3.0,2024-11-30 21:34:00,Store,
2286,177,,2024-03-18 18:05:00,Online,1.0
2287,98,,2025-08-10 16:39:00,Online,
2288,142,2.0,2025-12-01 15:52:00,Store,
2289,94,3.0,2025-10-28 14:04:00,Store,
2290,222,,2025-04-09 17:49:00,Online,
2291,4,4.0,2025-02-15 18:18:00,Store,
2292,118,3.0,2024-01-20 09:14:00,Store,
2293,168,2.0,2024-08-16 18:43:00,Store,
2294,296,2.0,2025-08-11 14:57:00,Store,
2295,52,5.0,2024-07-30 13:11:00,Store,
2296,196,1.0,2024-02-10 21:08:00,Store,
2297,118,,2024-12-01 14:59:00,Online,
2298,218,,2024-07-25 13:10:00,Online,2.0
2299,226,4.0,2024-12-29 09:08:00,Store,4.0
2300,225,2.0,2025-01-24 09:28:00,Store,
2301,64,2.0,2025-01-24 18:52:00,Store,
2302,265,2.0,2025-06-02 18:46:00,Store,
2303,209,,2024-05-03 16:47:00,Online,
2304,108,,2024-11-20 15:12:00,Online,
2305,261,4.0,2025-01-03 16:16:00,Store,
2306,296,1.0,2024-01-17 09:24:00,Store,
2307,34,3.0,2024-12-29 14:19:00,Store,4.0
2308,200,,2025-10-28 19:51:00,Online,
2309,242,,2024-01-17 13:46:00,Online,
2310,81,1.0,2024-02-16 11:54:00,Store,
2311,80,,2024-05-11 17:09:00,Online,
2312,287,3.0,2024-02-09 09:38:00,Store,
2313,81,2.0,2025-01-15 18:26:00,Store,
2314,93,1.0,2025-06-15 11:47:00,Store,
2315,108,3.0,2024-06-15 09:31:00,Store,
2316,15,,2024-09-28 18:20:00,Online,
2317,241,2.0,2024-12-05 09:56:00,Store,
2318,194,,2025-02-21 09:34:00,Online,
2319,52,2.0,2025-06-21 11:10:00,Store,
2320,33,,2024-04-04 15:04:00,Online,
2321,275,5.0,2025-04-20 15:54:00,Store,
2322,244,3.0,2025-10-14 09:19:00,Store,
2323,210,,2024-05-11 14:42:00,Online,
2324,245,5.0,2025-11-15 20:06:00,Store,
2325,264,2.0,2024-07-19 11:14:00,Store,2.0
2326,82,,2024-04-07 20:25:00,Online,
2327,150,3.0,2024-04-17 12:14:00,Store,
2328,267,3.0,2024-12-02 20:29:00,Store,
2329,213,,2024-05-14 14:27:00,Online,
2330,18,,2025-08-16 20:59:00,Online,
2331,102,,2025-01-29 19:03:00,Online,
2332,9,,2024-01-15 11:40:00,Online,
2333,166,4.0,2024-08-31 11:25:00,Store,
2334,296,2.0,2025-05-10 14:12:00,Store,
2335,280,3.0,2025-04-09 18:16:00,Store,
2336,173,2.0,2025-11-02 21:32:00,Store,
2337,250,,2024-09-18 14:51:00,Online,
2338,176,,2025-04-12 19:06:00,Online,
2339,188,1.0,2024-09-26 10:50:00,Store,
2340,117,,2025-07-10 11:06:00,Online,
2341,170,3.0,2024-05-03 17:45:00,Store,
2342,284,,2024-11-10 16:27:00,Online,
2343,120,,2024-03-25 17:11:00,Online,
2344,114,,2025-06-07 12:09:00,Online,
2345,182,2.0,2024-07-22 20:47:00,Store,
2346,273,2.0,2025-06-27 17:03:00,Store,
2347,192,2.0,2025-12-11 17:10:00,Store,
2348,78,5.0,2025-09-25 12:53:00,Store,
2349,26,,2025-03-10 12:17:00,Online,
2350,268,,2024-10-30 15:57:00,Online,
2351,70,,2025-05-02 16:20:00,Online,
2352,129,,2024-11-03 09:04:00,Online,
2353,35,4.0,2025-11-15 13:13:00,Store,
2354,89,,2024-05-23 11:30:00,Online,
2355,82,4.0,2024-09-05 15:50:00,Store,
2356,180,3.0,2025-08-28 12:15:00,Store,
2357,84,2.0,2024-05-23 15:07:00,Store,
2358,168,1.0,2025-11-19 13:48:00,Store,
2359,53,,2025-06-17 13:33:00,Online,
2360,225,1.0,2025-09-04 16:14:00,Store,
2361,233,3.0,2025-07-08 20:39:00,Store,
2362,86,4.0,2024-02-11 15:53:00,Store,
2363,250,,2025-03-12 18:10:00,Online,5.0
2364,296,3.0,2024-03-31 20:38:00,Store,1.0
2365,30,3.0,2025-12-19 15:26:00,Store,
2366,261,3.0,2024-10-09 13:40:00,Store,
2367,52,,2024-12-31 10:00:00,Online,4.0
2368,137,4.0,2024-08-14 18:27:00,Store,
2369,290,5.0,2025-07-28 18:53:00,Store,
2370,56,1.0,2025-11-14 15:02:00,Store,
2371,123,5.0,2025-08-12 10:07:00,Store,
2372,21,4.0,2025-03-07 15:45:00,Store,
2373,205,,2025-08-10 17:02:00,Online,
2374,222,,2025-10-05 20:49:00,Online,
2375,66,3.0,2024-01-27 12:36:00,Store,
2376,249,,2024-04-11 13:58:00,Online,
2377,177,2.0,2025-04-12 13:22:00,Store,
2378,25,3.0,2024-10-10 16:50:00,Store,
2379,291,4.0,2024-06-13 12:35:00,Store,
2380,89,,2024-12-22 21:52:00,Online,
2381,276,,2024-12-07 14:39:00,Online,
2382,157,1.0,2024-08-21 14:53:00,Store,
2383,255,4.0,2025-10-16 15:20:00,Store,
2384,249,4.0,2024-07-26 13:54:00,Store,
2385,9,5.0,2024-06-12 11:20:00,Store,
2386,287,5.0,2024-11-13 17:44:00,Store,
2387,39,1.0,2025-07-05 11:25:00,Store,
2388,135,3.0,2025-11-10 15:54:00,Store,
2389,69,,2025-06-29 14:25:00,Online,
2390,175,1.0,2024-04-16 20:52:00,Store,
2391,21,2.0,2024-11-27 12:28:00,Store,
2392,115,,2024-10-07 09:31:00,Online,
2393,116,2.0,2024-08-12 12:56:00,Store,
2394,135,,2024-05-28 09:18:00,Online,
2395,225,5.0,2025-09-18 16:53:00,Store,
2396,96,,2025-08-04 12:26:00,Online,
2397,295,,2025-08-17 15:40:00,Online,
2398,187,,2025-01-31 20:16:00,Online,
2399,187,,2024-09-26 15:23:00,Online,
2400,183,2.0,2024-08-28 14:34:00,Store,
2401,276,1.0,2024-11-25 20:15:00,Store,
2402,275,5.0,2025-06-03 20:30:00,Store,
2403,284,,2024-08-21 20:22:00,Online,
2404,295,,2024-08-17 16:17:00,Online,
2405,255,1.0,2025-04-16 18:28:00,Store,
2406,233,1.0,2024-06-24 09:35:00,Store,
2407,76,3.0,2024-12-21 16:55:00,Store,4.0
2408,15,,2025-08-06 13:57:00,Online,
2409,69,,2025-05-17 15:45:00,Online,
2410,159,3.0,2024-08-08 19:28:00,Store,
2411,261,,2024-12-04 12:36:00,Online,
2412,175,,2024-05-27 21:34:00,Online,
2413,184,1.0,2025-09-16 09:45:00,Store,
2414,212,,2025-09-20 10:33:00,Online,
2415,92,,2024-07-18 12:38:00,Online,2.0
2416,56,,2024-05-02 14:05:00,Online,
2417,199,,2025-08-10 20:43:00,Online,
2418,71,,2025-01-25 20:30:00,Online,
2419,182,4.0,2024-07-06 10:19:00,Store,
2420,134,2.0,2025-05-26 10:11:00,Store,
2421,42,1.0,2024-12-25 19:40:00,Store,4.0
2422,31,,2025-09-12 09:35:00,Online,
2423,292,,2024-04-07 11:00:00,Online,
2424,151,5.0,2024-01-13 09:20:00,Store,
2425,36,,2025-07-30 14:54:00,Online,6.0
2426,177,2.0,2024-07-05 17:13:00,Store,
2427,226,,2025-08-10 11:57:00,Online,
2428,228,1.0,2024-06-30 17:09:00,Store,
2429,160,,2025-07-04 21:07:00,Online,6.0
2430,52,5.0,2025-08-27 17:10:00,Store,
2431,181,,2024-06-07 18:58:00,Online,
2432,200,,2025-11-05 17:53:00,Online,
2433,39,3.0,2024-04-29 19:35:00,Store,
2434,272,4.0,2024-05-24 12:52:00,Store,
2435,171,,2024-02-12 14:03:00,Online,
2436,51,,2025-11-06 20:48:00,Online,
2437,95,,2024-04-03 19:41:00,Online,
2438,273,5.0,2025-07-30 18:44:00,Store,
2439,230,,2024-10-16 14:08:00,Online,
2440,207,1.0,2024-10-26 19:27:00,Store,
2441,54,4.0,2025-05-17 09:31:00,Store,
2442,255,,2025-09-16 15:19:00,Online,
2443,29,1.0,2024-10-21 21:43:00,Store,
2444,293,3.0,2024-07-11 10:19:00,Store,
2445,156,3.0,2025-07-01 09:03:00,Store,
2446,151,,2024-02-23 19:55:00,Online,
2447,190,,2025-06-20 11:32:00,Online,
2448,163,,2024-02-15 12:06:00,Online,
2449,38,,2024-08-14 20:20:00,Online,
2450,8,4.0,2025-05-22 12:36:00,Store,
2451,149,2.0,2024-07-29 20:07:00,Store,
2452,117,4.0,2024-12-04 11:24:00,Store,
2453,215,3.0,2024-02-15 11:09:00,Store,
2454,159,3.0,2025-03-08 19:36:00,Store,5.0
2455,143,,2025-03-01 15:24:00,Online,5.0
2456,203,4.0,2024-09-16 18:00:00,Store,
2457,127,1.0,2024-05-11 19:44:00,Store,
2458,283,5.0,2024-04-28 11:57:00,Store,
2459,132,,2024-12-01 11:47:00,Online,
2460,275,5.0,2025-12-12 15:18:00,Store,8.0
2461,285,,2025-02-08 12:05:00,Online,
2462,19,1.0,2024-07-24 11:33:00,Store,2.0
2463,35,5.0,2025-02-01 11:05:00,Store,
2464,74,1.0,2025-01-14 16:47:00,Store,
2465,97,,2025-11-09 17:49:00,Online,
2466,8,,2024-11-21 09:36:00,Online,3.0
2467,103,,2024-06-28 14:29:00,Online,
2468,50,,2024-02-27 15:24:00,Online,
2469,95,3.0,2025-06-01 10:14:00,Store,
2470,13,,2025-11-04 20:28:00,Online,
2471,171,2.0,2024-03-12 12:38:00,Store,1.0
2472,18,5.0,2024-02-28 10:43:00,Store,
2473,62,,2024-01-18 18:46:00,Online,
2474,74,,2024-11-25 14:02:00,Online,
2475,218,4.0,2024-01-07 15:00:00,Store,
2476,115,,2025-08-03 10:54:00,Online,
2477,21,4.0,2024-02-06 18:34:00,Store,
2478,145,,2025-08-08 19:24:00,Online,
2479,122,,2025-01-31 16:58:00,Online,
2480,233,2.0,2025-09-19 13:22:00,Store,
2481,185,3.0,2025-04-10 17:56:00,Store,
2482,199,,2025-10-14 20:11:00,Online,
2483,11,3.0,2024-06-13 14:47:00,Store,
2484,228,,2024-05-27 09:29:00,Online,
2485,65,,2025-07-08 12:25:00,Online,6.0
2486,232,4.0,2025-03-07 15:29:00,Store,5.0
2487,69,,2024-11-29 19:25:00,Online,3.0
2488,100,,2025-12-30 12:36:00,Online,
2489,238,4.0,2025-09-25 14:57:00,Store,
2490,110,4.0,2025-01-18 19:19:00,Store,
2491,265,5.0,2024-04-21 17:41:00,Store,
2492,112,2.0,2025-02-26 09:12:00,Store,
2493,265,4.0,2025-11-06 15:59:00,Store,
2494,149,2.0,2024-01-25 20:13:00,Store,
2495,289,,2024-10-06 20:43:00,Online,
2496,102,3.0,2025-10-18 15:36:00,Store,
2497,67,,2025-04-24 12:55:00,Online,
2498,272,,2025-05-13 14:39:00,Online,
2499,282,1.0,2024-02-06 19:06:00,Store,
2500,32,3.0,2024-01-09 09:21:00,Store,
